Account,Row Type,Campaign,Campaign Type,Campaign Status,Budget,Budget type,Bid Strategy Type,Networks,Languages,Location,Location options,Tracking template,Final URL suffix,Ad Group,Ad Group Status,Maximum CPC bid limit,Keyword,Criterion Type,Keyword Status,Ad Status,Ad type,Final URL,Path 1,Path 2,Headline 1,Headline 2,Headline 3,Headline 4,Headline 5,Headline 6,Headline 7,Headline 8,Headline 9,Headline 10,Headline 11,Headline 12,Headline 13,Headline 14,Headline 15,Description 1,Description 2,Description 3,Description 4,Negative,Labels,Comment
496-715-1855,Ad group,VC_US_S_ROLES,,,,,,,,,,,,QuickBooks_Bookkeeper,Enabled,12.00,,,,,,,,,,,,,,,,,,,,,,,,,,,,,VC_US_EXACT_PHRASE_EXPANSION_2026-08-21,New exact/phrase exploration AG → /us main control
496-715-1855,Keyword,VC_US_S_ROLES,,,,,,,,,,,,QuickBooks_Bookkeeper,,,quickbooks bookkeeper,Exact,Enabled,,,,,,,,,,,,,,,,,,,,,,,,,,VC_US_EXACT_PHRASE_EXPANSION_2026-08-21,
496-715-1855,Keyword,VC_US_S_ROLES,,,,,,,,,,,,QuickBooks_Bookkeeper,,,quickbooks bookkeeper,Phrase,Enabled,,,,,,,,,,,,,,,,,,,,,,,,,,VC_US_EXACT_PHRASE_EXPANSION_2026-08-21,
496-715-1855,Keyword,VC_US_S_ROLES,,,,,,,,,,,,QuickBooks_Bookkeeper,,,hire quickbooks bookkeeper,Exact,Enabled,,,,,,,,,,,,,,,,,,,,,,,,,,VC_US_EXACT_PHRASE_EXPANSION_2026-08-21,
496-715-1855,Keyword,VC_US_S_ROLES,,,,,,,,,,,,QuickBooks_Bookkeeper,,,hire quickbooks bookkeeper,Phrase,Enabled,,,,,,,,,,,,,,,,,,,,,,,,,,VC_US_EXACT_PHRASE_EXPANSION_2026-08-21,
496-715-1855,Keyword,VC_US_S_ROLES,,,,,,,,,,,,QuickBooks_Bookkeeper,,,outsourced quickbooks bookkeeping,Exact,Enabled,,,,,,,,,,,,,,,,,,,,,,,,,,VC_US_EXACT_PHRASE_EXPANSION_2026-08-21,
496-715-1855,Keyword,VC_US_S_ROLES,,,,,,,,,,,,QuickBooks_Bookkeeper,,,outsourced quickbooks bookkeeping,Phrase,Enabled,,,,,,,,,,,,,,,,,,,,,,,,,,VC_US_EXACT_PHRASE_EXPANSION_2026-08-21,
496-715-1855,Keyword,VC_US_S_ROLES,,,,,,,,,,,,QuickBooks_Bookkeeper,,,quickbooks bookkeeping help,Exact,Enabled,,,,,,,,,,,,,,,,,,,,,,,,,,VC_US_EXACT_PHRASE_EXPANSION_2026-08-21,
496-715-1855,Keyword,VC_US_S_ROLES,,,,,,,,,,,,QuickBooks_Bookkeeper,,,quickbooks bookkeeping help,Phrase,Enabled,,,,,,,,,,,,,,,,,,,,,,,,,,VC_US_EXACT_PHRASE_EXPANSION_2026-08-21,
496-715-1855,Keyword,VC_US_S_ROLES,,,,,,,,,,,,QuickBooks_Bookkeeper,,,remote quickbooks bookkeeper,Exact,Enabled,,,,,,,,,,,,,,,,,,,,,,,,,,VC_US_EXACT_PHRASE_EXPANSION_2026-08-21,
496-715-1855,Keyword,VC_US_S_ROLES,,,,,,,,,,,,QuickBooks_Bookkeeper,,,remote quickbooks bookkeeper,Phrase,Enabled,,,,,,,,,,,,,,,,,,,,,,,,,,VC_US_EXACT_PHRASE_EXPANSION_2026-08-21,
496-715-1855,Keyword,VC_US_S_ROLES,,,,,,,,,,,,QuickBooks_Bookkeeper,,,quickbooks bookkeeping service,Exact,Enabled,,,,,,,,,,,,,,,,,,,,,,,,,,VC_US_EXACT_PHRASE_EXPANSION_2026-08-21,
496-715-1855,Keyword,VC_US_S_ROLES,,,,,,,,,,,,QuickBooks_Bookkeeper,,,quickbooks bookkeeping service,Phrase,Enabled,,,,,,,,,,,,,,,,,,,,,,,,,,VC_US_EXACT_PHRASE_EXPANSION_2026-08-21,
496-715-1855,Keyword,VC_US_S_ROLES,,,,,,,,,,,,QuickBooks_Bookkeeper,,,quickbooks login,Phrase,Enabled,,,,,,,,,,,,,,,,,,,,,,,,,Yes,VC_US_EXACT_PHRASE_EXPANSION_2026-08-21,High-confidence AG negative only
496-715-1855,Keyword,VC_US_S_ROLES,,,,,,,,,,,,QuickBooks_Bookkeeper,,,quickbooks download,Phrase,Enabled,,,,,,,,,,,,,,,,,,,,,,,,,Yes,VC_US_EXACT_PHRASE_EXPANSION_2026-08-21,High-confidence AG negative only
496-715-1855,Keyword,VC_US_S_ROLES,,,,,,,,,,,,QuickBooks_Bookkeeper,,,quickbooks tutorial,Phrase,Enabled,,,,,,,,,,,,,,,,,,,,,,,,,Yes,VC_US_EXACT_PHRASE_EXPANSION_2026-08-21,High-confidence AG negative only
496-715-1855,Keyword,VC_US_S_ROLES,,,,,,,,,,,,QuickBooks_Bookkeeper,,,quickbooks training,Phrase,Enabled,,,,,,,,,,,,,,,,,,,,,,,,,Yes,VC_US_EXACT_PHRASE_EXPANSION_2026-08-21,High-confidence AG negative only
496-715-1855,Keyword,VC_US_S_ROLES,,,,,,,,,,,,QuickBooks_Bookkeeper,,,quickbooks certification,Phrase,Enabled,,,,,,,,,,,,,,,,,,,,,,,,,Yes,VC_US_EXACT_PHRASE_EXPANSION_2026-08-21,High-confidence AG negative only
496-715-1855,Keyword,VC_US_S_ROLES,,,,,,,,,,,,QuickBooks_Bookkeeper,,,quickbooks customer service number,Phrase,Enabled,,,,,,,,,,,,,,,,,,,,,,,,,Yes,VC_US_EXACT_PHRASE_EXPANSION_2026-08-21,High-confidence AG negative only
496-715-1855,Keyword,VC_US_S_ROLES,,,,,,,,,,,,QuickBooks_Bookkeeper,,,quickbooks technical support,Phrase,Enabled,,,,,,,,,,,,,,,,,,,,,,,,,Yes,VC_US_EXACT_PHRASE_EXPANSION_2026-08-21,High-confidence AG negative only
496-715-1855,Keyword,VC_US_S_ROLES,,,,,,,,,,,,QuickBooks_Bookkeeper,,,quickbooks course,Phrase,Enabled,,,,,,,,,,,,,,,,,,,,,,,,,Yes,VC_US_EXACT_PHRASE_EXPANSION_2026-08-21,High-confidence AG negative only
496-715-1855,Keyword,VC_US_S_ROLES,,,,,,,,,,,,QuickBooks_Bookkeeper,,,quickbooks class,Phrase,Enabled,,,,,,,,,,,,,,,,,,,,,,,,,Yes,VC_US_EXACT_PHRASE_EXPANSION_2026-08-21,High-confidence AG negative only
496-715-1855,Keyword,VC_US_S_ROLES,,,,,,,,,,,,QuickBooks_Bookkeeper,,,quickbooks proadvisor course,Phrase,Enabled,,,,,,,,,,,,,,,,,,,,,,,,,Yes,VC_US_EXACT_PHRASE_EXPANSION_2026-08-21,High-confidence AG negative only
496-715-1855,Ad,VC_US_S_ROLES,,,,,,,,,,,,QuickBooks_Bookkeeper,,,,,,Enabled,Responsive search ad,https://www.virtualcoworker.app/us?utm_source=google&utm_medium=cpc&utm_campaign=vc_us_roles&utm_content=quickbooks_bookkeeper_direct&utm_term={keyword}&matchtype={matchtype}&campaignid={campaignid}&adgroupid={adgroupid}&creative={creative}&lp_version=us-main-control,us,hire,Hire a QuickBooks Bookkeeper,QuickBooks Help for Employers,Bookkeeping Staff for Teams,Hire Remote Bookkeeping Help,Outsourced QuickBooks Support,Fill Your Books Role Fast,Dedicated Bookkeeping Hire,Philippines Bookkeeping Staff,Tell Us the Books Role,Interview Your Shortlist,Staff Your Finance Ops,Get Books Support On Call,,,,Hire a QuickBooks bookkeeper for your company. We recruit and you interview.,Outsourced QuickBooks help for growing teams. Full-time or part-time seats.,Remote bookkeeping staff on your hours. No recruitment fees to start.,Tell us the role. We screen candidates. You choose who joins your business.,,VC_US_EXACT_PHRASE_EXPANSION_2026-08-21,RSA angle=direct; no DKI; lp=us-main-control
496-715-1855,Ad,VC_US_S_ROLES,,,,,,,,,,,,QuickBooks_Bookkeeper,,,,,,Enabled,Responsive search ad,https://www.virtualcoworker.app/us?utm_source=google&utm_medium=cpc&utm_campaign=vc_us_roles&utm_content=quickbooks_bookkeeper_relief&utm_term={keyword}&matchtype={matchtype}&campaignid={campaignid}&adgroupid={adgroupid}&creative={creative}&lp_version=us-main-control,us,relief,"Your Books, Finally Caught Up",Stop Chasing Month-End Chaos,Reconciliations Off Your Desk,Keep Invoices Moving Daily,Close Books Without Overtime,Hand Off Routine Book Work,Catch Up Without Hiring Drama,Free Ops From Spreadsheets,Month-End Without the Scramble,Let Finance Focus Again,Books That Stay Current,Relief for Busy Operators,,,,"When books slip, everything slips. Get dedicated help for your company books.",Stop living in catch-up mode. A remote bookkeeper works your hours.,"Invoices, reconciliations, and routine reporting owned by one seat.",You stay in control. We recruit. You interview. Nobody starts without your yes.,,VC_US_EXACT_PHRASE_EXPANSION_2026-08-21,RSA angle=relief; no DKI; lp=us-main-control
496-715-1855,Ad,VC_US_S_ROLES,,,,,,,,,,,,QuickBooks_Bookkeeper,,,,,,Enabled,Responsive search ad,https://www.virtualcoworker.app/us?utm_source=google&utm_medium=cpc&utm_campaign=vc_us_roles&utm_content=quickbooks_bookkeeper_trust&utm_term={keyword}&matchtype={matchtype}&campaignid={campaignid}&adgroupid={adgroupid}&creative={creative}&lp_version=us-main-control,us,trust,From $7/Hour Staffing,Vetted Philippines Talent,Talent Working Your Hours,We Recruit and Screen,Support for Growing Teams,Lower the Cost of Hiring,Build Team Without Overhead,No Recruitment Fees,You Interview the Shortlist,Staffing Partner Since 2011,Payroll and HR Included,Hire With a Clear Process,,,,From $7/hour for dedicated Philippines staff. We recruit and vet for your role.,Vetted talent on your business hours. You interview before anyone starts.,"We handle recruiting, screening, payroll, and HR after you hire.",Built for growing US companies that need reliable bookkeeping support.,,VC_US_EXACT_PHRASE_EXPANSION_2026-08-21,RSA angle=trust; no DKI; lp=us-main-control
496-715-1855,Ad group,VC_US_S_ROLES,,,,,,,,,,,,Executive_Assistant,Enabled,12.00,,,,,,,,,,,,,,,,,,,,,,,,,,,,,VC_US_EXACT_PHRASE_EXPANSION_2026-08-21,New exact/phrase exploration AG → /us main control
496-715-1855,Keyword,VC_US_S_ROLES,,,,,,,,,,,,Executive_Assistant,,,virtual executive assistant,Exact,Enabled,,,,,,,,,,,,,,,,,,,,,,,,,,VC_US_EXACT_PHRASE_EXPANSION_2026-08-21,
496-715-1855,Keyword,VC_US_S_ROLES,,,,,,,,,,,,Executive_Assistant,,,virtual executive assistant,Phrase,Enabled,,,,,,,,,,,,,,,,,,,,,,,,,,VC_US_EXACT_PHRASE_EXPANSION_2026-08-21,
496-715-1855,Keyword,VC_US_S_ROLES,,,,,,,,,,,,Executive_Assistant,,,hire executive assistant,Exact,Enabled,,,,,,,,,,,,,,,,,,,,,,,,,,VC_US_EXACT_PHRASE_EXPANSION_2026-08-21,
496-715-1855,Keyword,VC_US_S_ROLES,,,,,,,,,,,,Executive_Assistant,,,hire executive assistant,Phrase,Enabled,,,,,,,,,,,,,,,,,,,,,,,,,,VC_US_EXACT_PHRASE_EXPANSION_2026-08-21,
496-715-1855,Keyword,VC_US_S_ROLES,,,,,,,,,,,,Executive_Assistant,,,outsourced executive assistant,Exact,Enabled,,,,,,,,,,,,,,,,,,,,,,,,,,VC_US_EXACT_PHRASE_EXPANSION_2026-08-21,
496-715-1855,Keyword,VC_US_S_ROLES,,,,,,,,,,,,Executive_Assistant,,,outsourced executive assistant,Phrase,Enabled,,,,,,,,,,,,,,,,,,,,,,,,,,VC_US_EXACT_PHRASE_EXPANSION_2026-08-21,
496-715-1855,Keyword,VC_US_S_ROLES,,,,,,,,,,,,Executive_Assistant,,,executive assistant philippines,Exact,Enabled,,,,,,,,,,,,,,,,,,,,,,,,,,VC_US_EXACT_PHRASE_EXPANSION_2026-08-21,
496-715-1855,Keyword,VC_US_S_ROLES,,,,,,,,,,,,Executive_Assistant,,,executive assistant philippines,Phrase,Enabled,,,,,,,,,,,,,,,,,,,,,,,,,,VC_US_EXACT_PHRASE_EXPANSION_2026-08-21,
496-715-1855,Keyword,VC_US_S_ROLES,,,,,,,,,,,,Executive_Assistant,,,dedicated executive assistant,Exact,Enabled,,,,,,,,,,,,,,,,,,,,,,,,,,VC_US_EXACT_PHRASE_EXPANSION_2026-08-21,
496-715-1855,Keyword,VC_US_S_ROLES,,,,,,,,,,,,Executive_Assistant,,,dedicated executive assistant,Phrase,Enabled,,,,,,,,,,,,,,,,,,,,,,,,,,VC_US_EXACT_PHRASE_EXPANSION_2026-08-21,
496-715-1855,Keyword,VC_US_S_ROLES,,,,,,,,,,,,Executive_Assistant,,,remote executive assistant service,Exact,Enabled,,,,,,,,,,,,,,,,,,,,,,,,,,VC_US_EXACT_PHRASE_EXPANSION_2026-08-21,
496-715-1855,Keyword,VC_US_S_ROLES,,,,,,,,,,,,Executive_Assistant,,,remote executive assistant service,Phrase,Enabled,,,,,,,,,,,,,,,,,,,,,,,,,,VC_US_EXACT_PHRASE_EXPANSION_2026-08-21,
496-715-1855,Keyword,VC_US_S_ROLES,,,,,,,,,,,,Executive_Assistant,,,executive assistant job,Phrase,Enabled,,,,,,,,,,,,,,,,,,,,,,,,,Yes,VC_US_EXACT_PHRASE_EXPANSION_2026-08-21,High-confidence AG negative only
496-715-1855,Keyword,VC_US_S_ROLES,,,,,,,,,,,,Executive_Assistant,,,executive assistant salary,Phrase,Enabled,,,,,,,,,,,,,,,,,,,,,,,,,Yes,VC_US_EXACT_PHRASE_EXPANSION_2026-08-21,High-confidence AG negative only
496-715-1855,Keyword,VC_US_S_ROLES,,,,,,,,,,,,Executive_Assistant,,,ea course,Phrase,Enabled,,,,,,,,,,,,,,,,,,,,,,,,,Yes,VC_US_EXACT_PHRASE_EXPANSION_2026-08-21,High-confidence AG negative only
496-715-1855,Ad,VC_US_S_ROLES,,,,,,,,,,,,Executive_Assistant,,,,,,Enabled,Responsive search ad,https://www.virtualcoworker.app/us?utm_source=google&utm_medium=cpc&utm_campaign=vc_us_roles&utm_content=executive_assistant_direct&utm_term={keyword}&matchtype={matchtype}&campaignid={campaignid}&adgroupid={adgroupid}&creative={creative}&lp_version=us-main-control,us,hire,Hire an Executive Assistant,Philippines Executive Support,Dedicated EA for Your Company,Remote Executive Assistant,Outsourced EA for Leaders,Build Your EA Seat Fast,Hire Reliable EA Support,Staff Your Leadership Ops,Interview EA Finalists,Tell Us What You Need,Executive Support On Demand,Fill Your EA Role Today,,,,Hire a dedicated executive assistant for your company. You interview the shortlist.,"Philippines EA talent for calendar, inbox, and follow-through on your hours.",Outsourced executive support without the overhead of a local full hire.,We recruit and screen. You choose who joins your leadership workflow.,,VC_US_EXACT_PHRASE_EXPANSION_2026-08-21,RSA angle=direct; no DKI; lp=us-main-control
496-715-1855,Ad,VC_US_S_ROLES,,,,,,,,,,,,Executive_Assistant,,,,,,Enabled,Responsive search ad,https://www.virtualcoworker.app/us?utm_source=google&utm_medium=cpc&utm_campaign=vc_us_roles&utm_content=executive_assistant_relief&utm_term={keyword}&matchtype={matchtype}&campaignid={campaignid}&adgroupid={adgroupid}&creative={creative}&lp_version=us-main-control,us,relief,Give Your Calendar Back,Get Inbox Off Your Plate,Stop Losing Days to Admin,Protect Time for Real Work,End the Follow-Up Chase,Keep Meetings Running Clean,Hand Off Routine EA Work,Lead Without Admin Drag,Clear the Ops Bottleneck,Make Room for Decisions,"Less Scramble, More Focus",Relief for Busy Founders,,,,"Calendar, inbox, and follow-ups owned by one dedicated seat on your hours.",Stop losing mornings to admin. Get executive support your team can trust.,You keep the decisions. They keep the details moving for your business.,Tell us the workload. We recruit. You interview before anyone starts.,,VC_US_EXACT_PHRASE_EXPANSION_2026-08-21,RSA angle=relief; no DKI; lp=us-main-control
496-715-1855,Ad,VC_US_S_ROLES,,,,,,,,,,,,Executive_Assistant,,,,,,Enabled,Responsive search ad,https://www.virtualcoworker.app/us?utm_source=google&utm_medium=cpc&utm_campaign=vc_us_roles&utm_content=executive_assistant_trust&utm_term={keyword}&matchtype={matchtype}&campaignid={campaignid}&adgroupid={adgroupid}&creative={creative}&lp_version=us-main-control,us,trust,From $7/Hour Staffing,Vetted Philippines Talent,Talent Working Your Hours,We Recruit and Screen,Support for Growing Cos,Lower the Cost of Hiring,Build Team Without Overhead,No Recruitment Fees,You Interview Finalists,Staffing Partner Since 2011,Payroll and HR Included,Clear Hiring Process,,,,From $7/hour dedicated staff. We recruit and vet EA candidates for your role.,Talent matched to your hours. You interview. Nobody starts without your yes.,"We stay on the account for payroll, HR, and coverage after you hire.",Built for US operators who need reliable executive support without bloat.,,VC_US_EXACT_PHRASE_EXPANSION_2026-08-21,RSA angle=trust; no DKI; lp=us-main-control
496-715-1855,Ad group,VC_US_S_ROLES,,,,,,,,,,,,Admin_Assistant,Enabled,12.00,,,,,,,,,,,,,,,,,,,,,,,,,,,,,VC_US_EXACT_PHRASE_EXPANSION_2026-08-21,New exact/phrase exploration AG → /us main control
496-715-1855,Keyword,VC_US_S_ROLES,,,,,,,,,,,,Admin_Assistant,,,virtual administrative assistant,Exact,Enabled,,,,,,,,,,,,,,,,,,,,,,,,,,VC_US_EXACT_PHRASE_EXPANSION_2026-08-21,
496-715-1855,Keyword,VC_US_S_ROLES,,,,,,,,,,,,Admin_Assistant,,,virtual administrative assistant,Phrase,Enabled,,,,,,,,,,,,,,,,,,,,,,,,,,VC_US_EXACT_PHRASE_EXPANSION_2026-08-21,
496-715-1855,Keyword,VC_US_S_ROLES,,,,,,,,,,,,Admin_Assistant,,,hire virtual administrative assistant,Exact,Enabled,,,,,,,,,,,,,,,,,,,,,,,,,,VC_US_EXACT_PHRASE_EXPANSION_2026-08-21,
496-715-1855,Keyword,VC_US_S_ROLES,,,,,,,,,,,,Admin_Assistant,,,hire virtual administrative assistant,Phrase,Enabled,,,,,,,,,,,,,,,,,,,,,,,,,,VC_US_EXACT_PHRASE_EXPANSION_2026-08-21,
496-715-1855,Keyword,VC_US_S_ROLES,,,,,,,,,,,,Admin_Assistant,,,administrative assistant outsourcing,Exact,Enabled,,,,,,,,,,,,,,,,,,,,,,,,,,VC_US_EXACT_PHRASE_EXPANSION_2026-08-21,
496-715-1855,Keyword,VC_US_S_ROLES,,,,,,,,,,,,Admin_Assistant,,,administrative assistant outsourcing,Phrase,Enabled,,,,,,,,,,,,,,,,,,,,,,,,,,VC_US_EXACT_PHRASE_EXPANSION_2026-08-21,
496-715-1855,Keyword,VC_US_S_ROLES,,,,,,,,,,,,Admin_Assistant,,,offshore administrative assistant,Exact,Enabled,,,,,,,,,,,,,,,,,,,,,,,,,,VC_US_EXACT_PHRASE_EXPANSION_2026-08-21,
496-715-1855,Keyword,VC_US_S_ROLES,,,,,,,,,,,,Admin_Assistant,,,offshore administrative assistant,Phrase,Enabled,,,,,,,,,,,,,,,,,,,,,,,,,,VC_US_EXACT_PHRASE_EXPANSION_2026-08-21,
496-715-1855,Keyword,VC_US_S_ROLES,,,,,,,,,,,,Admin_Assistant,,,administrative assistant philippines,Exact,Enabled,,,,,,,,,,,,,,,,,,,,,,,,,,VC_US_EXACT_PHRASE_EXPANSION_2026-08-21,
496-715-1855,Keyword,VC_US_S_ROLES,,,,,,,,,,,,Admin_Assistant,,,administrative assistant philippines,Phrase,Enabled,,,,,,,,,,,,,,,,,,,,,,,,,,VC_US_EXACT_PHRASE_EXPANSION_2026-08-21,
496-715-1855,Keyword,VC_US_S_ROLES,,,,,,,,,,,,Admin_Assistant,,,remote administrative assistant service,Exact,Enabled,,,,,,,,,,,,,,,,,,,,,,,,,,VC_US_EXACT_PHRASE_EXPANSION_2026-08-21,
496-715-1855,Keyword,VC_US_S_ROLES,,,,,,,,,,,,Admin_Assistant,,,remote administrative assistant service,Phrase,Enabled,,,,,,,,,,,,,,,,,,,,,,,,,,VC_US_EXACT_PHRASE_EXPANSION_2026-08-21,
496-715-1855,Keyword,VC_US_S_ROLES,,,,,,,,,,,,Admin_Assistant,,,administrative assistant job,Phrase,Enabled,,,,,,,,,,,,,,,,,,,,,,,,,Yes,VC_US_EXACT_PHRASE_EXPANSION_2026-08-21,High-confidence AG negative only
496-715-1855,Keyword,VC_US_S_ROLES,,,,,,,,,,,,Admin_Assistant,,,admin assistant salary,Phrase,Enabled,,,,,,,,,,,,,,,,,,,,,,,,,Yes,VC_US_EXACT_PHRASE_EXPANSION_2026-08-21,High-confidence AG negative only
496-715-1855,Keyword,VC_US_S_ROLES,,,,,,,,,,,,Admin_Assistant,,,administrative assistant resume,Phrase,Enabled,,,,,,,,,,,,,,,,,,,,,,,,,Yes,VC_US_EXACT_PHRASE_EXPANSION_2026-08-21,High-confidence AG negative only
496-715-1855,Ad,VC_US_S_ROLES,,,,,,,,,,,,Admin_Assistant,,,,,,Enabled,Responsive search ad,https://www.virtualcoworker.app/us?utm_source=google&utm_medium=cpc&utm_campaign=vc_us_roles&utm_content=admin_assistant_direct&utm_term={keyword}&matchtype={matchtype}&campaignid={campaignid}&adgroupid={adgroupid}&creative={creative}&lp_version=us-main-control,us,hire,Hire Reliable Admin Support,Virtual Admin for Your Team,Outsourced Admin Assistant,Philippines Admin Staff,Remote Admin for Employers,Build Your Admin Seat,Hire Admin Help Fast,Staff Your Back Office,Interview Admin Finalists,Tell Us the Admin Role,Dedicated Admin Support,Fill Admin Gaps Today,,,,Hire a virtual administrative assistant for your company. You choose who joins.,"Offshore admin support for inbox, documents, and follow-up on your hours.",Outsourced administrative help without a local hiring loop.,We recruit and screen. You interview. Dedicated seat for your business.,,VC_US_EXACT_PHRASE_EXPANSION_2026-08-21,RSA angle=direct; no DKI; lp=us-main-control
496-715-1855,Ad,VC_US_S_ROLES,,,,,,,,,,,,Admin_Assistant,,,,,,Enabled,Responsive search ad,https://www.virtualcoworker.app/us?utm_source=google&utm_medium=cpc&utm_campaign=vc_us_roles&utm_content=admin_assistant_relief&utm_term={keyword}&matchtype={matchtype}&campaignid={campaignid}&adgroupid={adgroupid}&creative={creative}&lp_version=us-main-control,us,relief,Get Admin Off Your Plate,Stop Drowning in Busywork,Clear the Task Backlog,Keep Ops Moving Daily,Hand Off Routine Admin,Less Chaos in the Inbox,Documents Without Delay,Follow-Ups That Happen,Free Your Team to Sell,End the Admin Scramble,Make Workdays Lighter,Relief for Ops Managers,,,,"When admin piles up, growth stalls. Get a dedicated seat for your company.","Inbox, docs, and follow-ups handled by someone working your hours.",Stop pulling skilled people into busywork. Put admin on a real seat.,Tell us what is piling up. We recruit. You interview the shortlist.,,VC_US_EXACT_PHRASE_EXPANSION_2026-08-21,RSA angle=relief; no DKI; lp=us-main-control
496-715-1855,Ad,VC_US_S_ROLES,,,,,,,,,,,,Admin_Assistant,,,,,,Enabled,Responsive search ad,https://www.virtualcoworker.app/us?utm_source=google&utm_medium=cpc&utm_campaign=vc_us_roles&utm_content=admin_assistant_trust&utm_term={keyword}&matchtype={matchtype}&campaignid={campaignid}&adgroupid={adgroupid}&creative={creative}&lp_version=us-main-control,us,trust,From $7/Hour Staffing,Vetted Philippines Talent,Talent Working Your Hours,We Recruit and Screen,Support for Growing Teams,Lower the Cost of Hiring,Build Team Without Overhead,No Recruitment Fees,You Interview the Shortlist,Staffing Partner Since 2011,Payroll and HR Included,Hire With Clear Process,,,,From $7/hour dedicated Philippines staff for admin roles your company needs.,We recruit and vet. You interview. Talent works your business hours.,Payroll and HR stay with us after you hire so your team can focus.,Made for growing US companies that need dependable admin coverage.,,VC_US_EXACT_PHRASE_EXPANSION_2026-08-21,RSA angle=trust; no DKI; lp=us-main-control
496-715-1855,Ad group,VC_US_S_ROLES,,,,,,,,,,,,Customer_Support,Enabled,12.00,,,,,,,,,,,,,,,,,,,,,,,,,,,,,VC_US_EXACT_PHRASE_EXPANSION_2026-08-21,New exact/phrase exploration AG → /us main control
496-715-1855,Keyword,VC_US_S_ROLES,,,,,,,,,,,,Customer_Support,,,outsourced customer support,Exact,Enabled,,,,,,,,,,,,,,,,,,,,,,,,,,VC_US_EXACT_PHRASE_EXPANSION_2026-08-21,
496-715-1855,Keyword,VC_US_S_ROLES,,,,,,,,,,,,Customer_Support,,,outsourced customer support,Phrase,Enabled,,,,,,,,,,,,,,,,,,,,,,,,,,VC_US_EXACT_PHRASE_EXPANSION_2026-08-21,
496-715-1855,Keyword,VC_US_S_ROLES,,,,,,,,,,,,Customer_Support,,,customer support outsourcing,Exact,Enabled,,,,,,,,,,,,,,,,,,,,,,,,,,VC_US_EXACT_PHRASE_EXPANSION_2026-08-21,
496-715-1855,Keyword,VC_US_S_ROLES,,,,,,,,,,,,Customer_Support,,,customer support outsourcing,Phrase,Enabled,,,,,,,,,,,,,,,,,,,,,,,,,,VC_US_EXACT_PHRASE_EXPANSION_2026-08-21,
496-715-1855,Keyword,VC_US_S_ROLES,,,,,,,,,,,,Customer_Support,,,customer service outsourcing philippines,Exact,Enabled,,,,,,,,,,,,,,,,,,,,,,,,,,VC_US_EXACT_PHRASE_EXPANSION_2026-08-21,
496-715-1855,Keyword,VC_US_S_ROLES,,,,,,,,,,,,Customer_Support,,,customer service outsourcing philippines,Phrase,Enabled,,,,,,,,,,,,,,,,,,,,,,,,,,VC_US_EXACT_PHRASE_EXPANSION_2026-08-21,
496-715-1855,Keyword,VC_US_S_ROLES,,,,,,,,,,,,Customer_Support,,,hire customer service virtual assistant,Exact,Enabled,,,,,,,,,,,,,,,,,,,,,,,,,,VC_US_EXACT_PHRASE_EXPANSION_2026-08-21,
496-715-1855,Keyword,VC_US_S_ROLES,,,,,,,,,,,,Customer_Support,,,hire customer service virtual assistant,Phrase,Enabled,,,,,,,,,,,,,,,,,,,,,,,,,,VC_US_EXACT_PHRASE_EXPANSION_2026-08-21,
496-715-1855,Keyword,VC_US_S_ROLES,,,,,,,,,,,,Customer_Support,,,offshore customer support,Exact,Enabled,,,,,,,,,,,,,,,,,,,,,,,,,,VC_US_EXACT_PHRASE_EXPANSION_2026-08-21,
496-715-1855,Keyword,VC_US_S_ROLES,,,,,,,,,,,,Customer_Support,,,offshore customer support,Phrase,Enabled,,,,,,,,,,,,,,,,,,,,,,,,,,VC_US_EXACT_PHRASE_EXPANSION_2026-08-21,
496-715-1855,Keyword,VC_US_S_ROLES,,,,,,,,,,,,Customer_Support,,,remote customer service team,Exact,Enabled,,,,,,,,,,,,,,,,,,,,,,,,,,VC_US_EXACT_PHRASE_EXPANSION_2026-08-21,
496-715-1855,Keyword,VC_US_S_ROLES,,,,,,,,,,,,Customer_Support,,,remote customer service team,Phrase,Enabled,,,,,,,,,,,,,,,,,,,,,,,,,,VC_US_EXACT_PHRASE_EXPANSION_2026-08-21,
496-715-1855,Keyword,VC_US_S_ROLES,,,,,,,,,,,,Customer_Support,,,customer service job,Phrase,Enabled,,,,,,,,,,,,,,,,,,,,,,,,,Yes,VC_US_EXACT_PHRASE_EXPANSION_2026-08-21,High-confidence AG negative only
496-715-1855,Keyword,VC_US_S_ROLES,,,,,,,,,,,,Customer_Support,,,customer support salary,Phrase,Enabled,,,,,,,,,,,,,,,,,,,,,,,,,Yes,VC_US_EXACT_PHRASE_EXPANSION_2026-08-21,High-confidence AG negative only
496-715-1855,Keyword,VC_US_S_ROLES,,,,,,,,,,,,Customer_Support,,,call center job,Phrase,Enabled,,,,,,,,,,,,,,,,,,,,,,,,,Yes,VC_US_EXACT_PHRASE_EXPANSION_2026-08-21,High-confidence AG negative only
496-715-1855,Ad,VC_US_S_ROLES,,,,,,,,,,,,Customer_Support,,,,,,Enabled,Responsive search ad,https://www.virtualcoworker.app/us?utm_source=google&utm_medium=cpc&utm_campaign=vc_us_roles&utm_content=customer_support_direct&utm_term={keyword}&matchtype={matchtype}&campaignid={campaignid}&adgroupid={adgroupid}&creative={creative}&lp_version=us-main-control,us,hire,Build Your Support Team,Outsourced Customer Support,Hire CS Help for Employers,Offshore Support Staff,Remote Customer Service,Staff Your Support Queue,Philippines Support Talent,Hire Reliable CS Coverage,Interview Support Finalists,Tell Us Your Support Need,Dedicated Support Seats,Grow Support Without Bloat,,,,Build customer support coverage for your company with dedicated remote seats.,"Outsourced support talent for tickets, chat, and follow-through on your hours.",Hire customer service help without standing up a local team from scratch.,We recruit and screen. You interview. You choose who joins your support roster.,,VC_US_EXACT_PHRASE_EXPANSION_2026-08-21,RSA angle=direct; no DKI; lp=us-main-control
496-715-1855,Ad,VC_US_S_ROLES,,,,,,,,,,,,Customer_Support,,,,,,Enabled,Responsive search ad,https://www.virtualcoworker.app/us?utm_source=google&utm_medium=cpc&utm_campaign=vc_us_roles&utm_content=customer_support_relief&utm_term={keyword}&matchtype={matchtype}&campaignid={campaignid}&adgroupid={adgroupid}&creative={creative}&lp_version=us-main-control,us,relief,Keep Every Customer Covered,Stop Losing Tickets Overnight,End the Support Backlog,Cover Peaks Without Panic,Reply Faster Every Day,Hand Off Routine Tickets,Protect Your Brand Tone,Let Your Team Focus Again,Fewer Missed Conversations,Support That Keeps Up,Calm the Queue Chaos,Relief for Support Leads,,,,"When tickets pile up, revenue leaks. Get dedicated coverage for your business.",Remote support staff working your hours so customers are not left waiting.,Keep tone and process yours. They handle the daily queue volume.,Tell us channels and hours. We recruit. You interview before go-live.,,VC_US_EXACT_PHRASE_EXPANSION_2026-08-21,RSA angle=relief; no DKI; lp=us-main-control
496-715-1855,Ad,VC_US_S_ROLES,,,,,,,,,,,,Customer_Support,,,,,,Enabled,Responsive search ad,https://www.virtualcoworker.app/us?utm_source=google&utm_medium=cpc&utm_campaign=vc_us_roles&utm_content=customer_support_trust&utm_term={keyword}&matchtype={matchtype}&campaignid={campaignid}&adgroupid={adgroupid}&creative={creative}&lp_version=us-main-control,us,trust,From $7/Hour Staffing,Vetted Philippines Talent,Talent Working Your Hours,We Recruit and Screen,Support for Growing Cos,Lower the Cost of Hiring,Build Team Without Overhead,No Recruitment Fees,You Interview Finalists,Staffing Partner Since 2011,Payroll and HR Included,Clear Support Hiring Path,,,,From $7/hour dedicated seats. We recruit customer support talent for your team.,Vetted Philippines staff on your hours. You interview every hire.,"We handle recruiting, payroll, and HR so your leads can run the queue.",Built for US companies scaling support without inflating local headcount.,,VC_US_EXACT_PHRASE_EXPANSION_2026-08-21,RSA angle=trust; no DKI; lp=us-main-control
496-715-1855,Ad group,VC_US_S_ROLES,,,,,,,,,,,,HR_Recruiting,Enabled,12.00,,,,,,,,,,,,,,,,,,,,,,,,,,,,,VC_US_EXACT_PHRASE_EXPANSION_2026-08-21,New exact/phrase exploration AG → /us main control
496-715-1855,Keyword,VC_US_S_ROLES,,,,,,,,,,,,HR_Recruiting,,,recruiting virtual assistant,Exact,Enabled,,,,,,,,,,,,,,,,,,,,,,,,,,VC_US_EXACT_PHRASE_EXPANSION_2026-08-21,
496-715-1855,Keyword,VC_US_S_ROLES,,,,,,,,,,,,HR_Recruiting,,,recruiting virtual assistant,Phrase,Enabled,,,,,,,,,,,,,,,,,,,,,,,,,,VC_US_EXACT_PHRASE_EXPANSION_2026-08-21,
496-715-1855,Keyword,VC_US_S_ROLES,,,,,,,,,,,,HR_Recruiting,,,hr virtual assistant,Exact,Enabled,,,,,,,,,,,,,,,,,,,,,,,,,,VC_US_EXACT_PHRASE_EXPANSION_2026-08-21,
496-715-1855,Keyword,VC_US_S_ROLES,,,,,,,,,,,,HR_Recruiting,,,hr virtual assistant,Phrase,Enabled,,,,,,,,,,,,,,,,,,,,,,,,,,VC_US_EXACT_PHRASE_EXPANSION_2026-08-21,
496-715-1855,Keyword,VC_US_S_ROLES,,,,,,,,,,,,HR_Recruiting,,,hire recruiting assistant,Exact,Enabled,,,,,,,,,,,,,,,,,,,,,,,,,,VC_US_EXACT_PHRASE_EXPANSION_2026-08-21,
496-715-1855,Keyword,VC_US_S_ROLES,,,,,,,,,,,,HR_Recruiting,,,hire recruiting assistant,Phrase,Enabled,,,,,,,,,,,,,,,,,,,,,,,,,,VC_US_EXACT_PHRASE_EXPANSION_2026-08-21,
496-715-1855,Keyword,VC_US_S_ROLES,,,,,,,,,,,,HR_Recruiting,,,recruitment assistant outsourcing,Exact,Enabled,,,,,,,,,,,,,,,,,,,,,,,,,,VC_US_EXACT_PHRASE_EXPANSION_2026-08-21,
496-715-1855,Keyword,VC_US_S_ROLES,,,,,,,,,,,,HR_Recruiting,,,recruitment assistant outsourcing,Phrase,Enabled,,,,,,,,,,,,,,,,,,,,,,,,,,VC_US_EXACT_PHRASE_EXPANSION_2026-08-21,
496-715-1855,Keyword,VC_US_S_ROLES,,,,,,,,,,,,HR_Recruiting,,,offshore hr support,Exact,Enabled,,,,,,,,,,,,,,,,,,,,,,,,,,VC_US_EXACT_PHRASE_EXPANSION_2026-08-21,
496-715-1855,Keyword,VC_US_S_ROLES,,,,,,,,,,,,HR_Recruiting,,,offshore hr support,Phrase,Enabled,,,,,,,,,,,,,,,,,,,,,,,,,,VC_US_EXACT_PHRASE_EXPANSION_2026-08-21,
496-715-1855,Keyword,VC_US_S_ROLES,,,,,,,,,,,,HR_Recruiting,,,recruitment outsourcing philippines,Exact,Enabled,,,,,,,,,,,,,,,,,,,,,,,,,,VC_US_EXACT_PHRASE_EXPANSION_2026-08-21,
496-715-1855,Keyword,VC_US_S_ROLES,,,,,,,,,,,,HR_Recruiting,,,recruitment outsourcing philippines,Phrase,Enabled,,,,,,,,,,,,,,,,,,,,,,,,,,VC_US_EXACT_PHRASE_EXPANSION_2026-08-21,
496-715-1855,Keyword,VC_US_S_ROLES,,,,,,,,,,,,HR_Recruiting,,,hr assistant job,Phrase,Enabled,,,,,,,,,,,,,,,,,,,,,,,,,Yes,VC_US_EXACT_PHRASE_EXPANSION_2026-08-21,High-confidence AG negative only
496-715-1855,Keyword,VC_US_S_ROLES,,,,,,,,,,,,HR_Recruiting,,,recruiter jobs,Phrase,Enabled,,,,,,,,,,,,,,,,,,,,,,,,,Yes,VC_US_EXACT_PHRASE_EXPANSION_2026-08-21,High-confidence AG negative only
496-715-1855,Keyword,VC_US_S_ROLES,,,,,,,,,,,,HR_Recruiting,,,hr salary,Phrase,Enabled,,,,,,,,,,,,,,,,,,,,,,,,,Yes,VC_US_EXACT_PHRASE_EXPANSION_2026-08-21,High-confidence AG negative only
496-715-1855,Keyword,VC_US_S_ROLES,,,,,,,,,,,,HR_Recruiting,,,work from home recruiting job,Phrase,Enabled,,,,,,,,,,,,,,,,,,,,,,,,,Yes,VC_US_EXACT_PHRASE_EXPANSION_2026-08-21,High-confidence AG negative only
496-715-1855,Ad,VC_US_S_ROLES,,,,,,,,,,,,HR_Recruiting,,,,,,Enabled,Responsive search ad,https://www.virtualcoworker.app/us?utm_source=google&utm_medium=cpc&utm_campaign=vc_us_roles&utm_content=hr_recruiting_direct&utm_term={keyword}&matchtype={matchtype}&campaignid={campaignid}&adgroupid={adgroupid}&creative={creative}&lp_version=us-main-control,us,hire,Hire Recruiting Support,HR Help for Your Company,Recruiting Assistant Hire,Offshore HR Support,Philippines Recruiting Help,Build Your TA Capacity,Staff Recruiting Ops Fast,Remote HR Admin Support,Interview Recruiting Help,Tell Us Your Hiring Load,Dedicated Recruiting Seat,Outsourced HR Assistance,,,,Hire recruiting and HR support for your company. Dedicated remote seats.,"Sourcing support, scheduling, and people admin on your business hours.",Outsourced recruitment assistance without standing up a full local TA team.,We recruit and screen. You interview. You choose who joins your HR workflow.,,VC_US_EXACT_PHRASE_EXPANSION_2026-08-21,RSA angle=direct; no DKI; lp=us-main-control
496-715-1855,Ad,VC_US_S_ROLES,,,,,,,,,,,,HR_Recruiting,,,,,,Enabled,Responsive search ad,https://www.virtualcoworker.app/us?utm_source=google&utm_medium=cpc&utm_campaign=vc_us_roles&utm_content=hr_recruiting_relief&utm_term={keyword}&matchtype={matchtype}&campaignid={campaignid}&adgroupid={adgroupid}&creative={creative}&lp_version=us-main-control,us,relief,Stop Losing Time to Hiring,Clear the Recruiting Backlog,Get Scheduling Off Your Desk,Keep Pipelines Moving,Hand Off Candidate Chase,Less Admin in Recruiting,Source Without the Scramble,Free Managers to Decide,Hiring Ops Without Chaos,Catch Up on Open Roles,Make Recruiting Sustainable,Relief for Busy HR Leads,,,,Open roles stall when recruiting admin piles up. Get a dedicated support seat.,"Candidate chase, scheduling, and pipeline hygiene handled on your hours.",Your managers keep decisions. Support owns the repetitive hiring work.,Tell us the bottleneck. We recruit help. You interview before anyone starts.,,VC_US_EXACT_PHRASE_EXPANSION_2026-08-21,RSA angle=relief; no DKI; lp=us-main-control
496-715-1855,Ad,VC_US_S_ROLES,,,,,,,,,,,,HR_Recruiting,,,,,,Enabled,Responsive search ad,https://www.virtualcoworker.app/us?utm_source=google&utm_medium=cpc&utm_campaign=vc_us_roles&utm_content=hr_recruiting_trust&utm_term={keyword}&matchtype={matchtype}&campaignid={campaignid}&adgroupid={adgroupid}&creative={creative}&lp_version=us-main-control,us,trust,From $7/Hour Staffing,Vetted Philippines Talent,Talent Working Your Hours,We Recruit and Screen,Support for Growing Teams,Lower the Cost of Hiring,Build Team Without Overhead,No Recruitment Fees,You Interview the Shortlist,Staffing Partner Since 2011,Payroll and HR Included,Clear Process to Hire,,,,From $7/hour dedicated staff for HR and recruiting support roles.,We recruit and vet. You interview. Talent works your company hours.,Payroll and HR stay with us after placement so your team stays focused.,For growing US companies that need recruiting capacity without local bloat.,,VC_US_EXACT_PHRASE_EXPANSION_2026-08-21,RSA angle=trust; no DKI; lp=us-main-control
496-715-1855,Ad group,VC_US_S_ROLES,,,,,,,,,,,,Ecommerce_Shopify,Enabled,12.00,,,,,,,,,,,,,,,,,,,,,,,,,,,,,VC_US_EXACT_PHRASE_EXPANSION_2026-08-21,New exact/phrase exploration AG → /us main control
496-715-1855,Keyword,VC_US_S_ROLES,,,,,,,,,,,,Ecommerce_Shopify,,,ecommerce virtual assistant,Exact,Enabled,,,,,,,,,,,,,,,,,,,,,,,,,,VC_US_EXACT_PHRASE_EXPANSION_2026-08-21,
496-715-1855,Keyword,VC_US_S_ROLES,,,,,,,,,,,,Ecommerce_Shopify,,,ecommerce virtual assistant,Phrase,Enabled,,,,,,,,,,,,,,,,,,,,,,,,,,VC_US_EXACT_PHRASE_EXPANSION_2026-08-21,
496-715-1855,Keyword,VC_US_S_ROLES,,,,,,,,,,,,Ecommerce_Shopify,,,hire ecommerce virtual assistant,Exact,Enabled,,,,,,,,,,,,,,,,,,,,,,,,,,VC_US_EXACT_PHRASE_EXPANSION_2026-08-21,
496-715-1855,Keyword,VC_US_S_ROLES,,,,,,,,,,,,Ecommerce_Shopify,,,hire ecommerce virtual assistant,Phrase,Enabled,,,,,,,,,,,,,,,,,,,,,,,,,,VC_US_EXACT_PHRASE_EXPANSION_2026-08-21,
496-715-1855,Keyword,VC_US_S_ROLES,,,,,,,,,,,,Ecommerce_Shopify,,,shopify virtual assistant,Exact,Enabled,,,,,,,,,,,,,,,,,,,,,,,,,,VC_US_EXACT_PHRASE_EXPANSION_2026-08-21,
496-715-1855,Keyword,VC_US_S_ROLES,,,,,,,,,,,,Ecommerce_Shopify,,,shopify virtual assistant,Phrase,Enabled,,,,,,,,,,,,,,,,,,,,,,,,,,VC_US_EXACT_PHRASE_EXPANSION_2026-08-21,
496-715-1855,Keyword,VC_US_S_ROLES,,,,,,,,,,,,Ecommerce_Shopify,,,hire shopify virtual assistant,Exact,Enabled,,,,,,,,,,,,,,,,,,,,,,,,,,VC_US_EXACT_PHRASE_EXPANSION_2026-08-21,
496-715-1855,Keyword,VC_US_S_ROLES,,,,,,,,,,,,Ecommerce_Shopify,,,hire shopify virtual assistant,Phrase,Enabled,,,,,,,,,,,,,,,,,,,,,,,,,,VC_US_EXACT_PHRASE_EXPANSION_2026-08-21,
496-715-1855,Keyword,VC_US_S_ROLES,,,,,,,,,,,,Ecommerce_Shopify,,,ecommerce support outsourcing,Exact,Enabled,,,,,,,,,,,,,,,,,,,,,,,,,,VC_US_EXACT_PHRASE_EXPANSION_2026-08-21,
496-715-1855,Keyword,VC_US_S_ROLES,,,,,,,,,,,,Ecommerce_Shopify,,,ecommerce support outsourcing,Phrase,Enabled,,,,,,,,,,,,,,,,,,,,,,,,,,VC_US_EXACT_PHRASE_EXPANSION_2026-08-21,
496-715-1855,Keyword,VC_US_S_ROLES,,,,,,,,,,,,Ecommerce_Shopify,,,remote ecommerce assistant,Exact,Enabled,,,,,,,,,,,,,,,,,,,,,,,,,,VC_US_EXACT_PHRASE_EXPANSION_2026-08-21,
496-715-1855,Keyword,VC_US_S_ROLES,,,,,,,,,,,,Ecommerce_Shopify,,,remote ecommerce assistant,Phrase,Enabled,,,,,,,,,,,,,,,,,,,,,,,,,,VC_US_EXACT_PHRASE_EXPANSION_2026-08-21,
496-715-1855,Keyword,VC_US_S_ROLES,,,,,,,,,,,,Ecommerce_Shopify,,,shopify login,Phrase,Enabled,,,,,,,,,,,,,,,,,,,,,,,,,Yes,VC_US_EXACT_PHRASE_EXPANSION_2026-08-21,High-confidence AG negative only
496-715-1855,Keyword,VC_US_S_ROLES,,,,,,,,,,,,Ecommerce_Shopify,,,shopify tutorial,Phrase,Enabled,,,,,,,,,,,,,,,,,,,,,,,,,Yes,VC_US_EXACT_PHRASE_EXPANSION_2026-08-21,High-confidence AG negative only
496-715-1855,Keyword,VC_US_S_ROLES,,,,,,,,,,,,Ecommerce_Shopify,,,shopify theme,Phrase,Enabled,,,,,,,,,,,,,,,,,,,,,,,,,Yes,VC_US_EXACT_PHRASE_EXPANSION_2026-08-21,High-confidence AG negative only
496-715-1855,Keyword,VC_US_S_ROLES,,,,,,,,,,,,Ecommerce_Shopify,,,shopify developer job,Phrase,Enabled,,,,,,,,,,,,,,,,,,,,,,,,,Yes,VC_US_EXACT_PHRASE_EXPANSION_2026-08-21,High-confidence AG negative only
496-715-1855,Keyword,VC_US_S_ROLES,,,,,,,,,,,,Ecommerce_Shopify,,,amazon,Phrase,Enabled,,,,,,,,,,,,,,,,,,,,,,,,,Yes,VC_US_EXACT_PHRASE_EXPANSION_2026-08-21,High-confidence AG negative only
496-715-1855,Keyword,VC_US_S_ROLES,,,,,,,,,,,,Ecommerce_Shopify,,,airbnb,Phrase,Enabled,,,,,,,,,,,,,,,,,,,,,,,,,Yes,VC_US_EXACT_PHRASE_EXPANSION_2026-08-21,High-confidence AG negative only
496-715-1855,Keyword,VC_US_S_ROLES,,,,,,,,,,,,Ecommerce_Shopify,,,ebay,Phrase,Enabled,,,,,,,,,,,,,,,,,,,,,,,,,Yes,VC_US_EXACT_PHRASE_EXPANSION_2026-08-21,High-confidence AG negative only
496-715-1855,Keyword,VC_US_S_ROLES,,,,,,,,,,,,Ecommerce_Shopify,,,freelance,Phrase,Enabled,,,,,,,,,,,,,,,,,,,,,,,,,Yes,VC_US_EXACT_PHRASE_EXPANSION_2026-08-21,High-confidence AG negative only
496-715-1855,Keyword,VC_US_S_ROLES,,,,,,,,,,,,Ecommerce_Shopify,,,shopify developer,Phrase,Enabled,,,,,,,,,,,,,,,,,,,,,,,,,Yes,VC_US_EXACT_PHRASE_EXPANSION_2026-08-21,High-confidence AG negative only
496-715-1855,Keyword,VC_US_S_ROLES,,,,,,,,,,,,Ecommerce_Shopify,,,shopify developers,Phrase,Enabled,,,,,,,,,,,,,,,,,,,,,,,,,Yes,VC_US_EXACT_PHRASE_EXPANSION_2026-08-21,High-confidence AG negative only
496-715-1855,Ad,VC_US_S_ROLES,,,,,,,,,,,,Ecommerce_Shopify,,,,,,Enabled,Responsive search ad,https://www.virtualcoworker.app/us?utm_source=google&utm_medium=cpc&utm_campaign=vc_us_roles&utm_content=ecommerce_shopify_direct&utm_term={keyword}&matchtype={matchtype}&campaignid={campaignid}&adgroupid={adgroupid}&creative={creative}&lp_version=us-main-control,us,hire,Hire Ecommerce Support,Shopify Help for Employers,Remote Ecommerce Assistant,Staff Your Store Ops,Outsourced Ecommerce Help,Hire Shopify Support Fast,Philippines Store Support,Build Your Ecommerce Seat,Interview Store Finalists,Tell Us Your Store Needs,Dedicated Store Ops Hire,Ecommerce Team Support,,,,Hire ecommerce support for your company store ops. You interview the shortlist.,"Shopify and ecommerce assistants for orders, listings, and daily store work.",Outsourced ecommerce help on your hours without a local ops hire first.,We recruit and screen. You choose who joins your ecommerce workflow.,,VC_US_EXACT_PHRASE_EXPANSION_2026-08-21,RSA angle=direct; no DKI; lp=us-main-control
496-715-1855,Ad,VC_US_S_ROLES,,,,,,,,,,,,Ecommerce_Shopify,,,,,,Enabled,Responsive search ad,https://www.virtualcoworker.app/us?utm_source=google&utm_medium=cpc&utm_campaign=vc_us_roles&utm_content=ecommerce_shopify_relief&utm_term={keyword}&matchtype={matchtype}&campaignid={campaignid}&adgroupid={adgroupid}&creative={creative}&lp_version=us-main-control,us,relief,Keep Store Ops Catching Up,Stop Living in Order Chaos,Get Listings Off Your Plate,Handle Peaks Without Panic,Daily Store Work Covered,Hand Off Routine Shop Tasks,Less Firefighting in Ops,Keep Customers Updated,Free Founders From Tickets,Store Work That Gets Done,Calm the Ecommerce Scramble,Relief for Store Operators,,,,"Orders, listings, and store admin pile up fast. Get a dedicated remote seat.",Keep your store moving while your team focuses on product and growth.,Routine ecommerce work owned by someone on your business hours.,Tell us tools and tasks. We recruit. You interview before anyone starts.,,VC_US_EXACT_PHRASE_EXPANSION_2026-08-21,RSA angle=relief; no DKI; lp=us-main-control
496-715-1855,Ad,VC_US_S_ROLES,,,,,,,,,,,,Ecommerce_Shopify,,,,,,Enabled,Responsive search ad,https://www.virtualcoworker.app/us?utm_source=google&utm_medium=cpc&utm_campaign=vc_us_roles&utm_content=ecommerce_shopify_trust&utm_term={keyword}&matchtype={matchtype}&campaignid={campaignid}&adgroupid={adgroupid}&creative={creative}&lp_version=us-main-control,us,trust,From $7/Hour Staffing,Vetted Philippines Talent,Talent Working Your Hours,We Recruit and Screen,Support for Growing Stores,Lower the Cost of Hiring,Build Team Without Overhead,No Recruitment Fees,You Interview Finalists,Staffing Partner Since 2011,Payroll and HR Included,Clear Path to Store Help,,,,From $7/hour dedicated staff for ecommerce support roles your store needs.,Vetted Philippines talent on your hours. You interview every candidate.,"We handle recruiting, payroll, and HR after you hire store support.",Built for US ecommerce teams that need ops coverage without overhead.,,VC_US_EXACT_PHRASE_EXPANSION_2026-08-21,RSA angle=trust; no DKI; lp=us-main-control
496-715-1855,Ad group,VC_US_S_ROLES,,,,,,,,,,,,Sales_Support_CRM,Enabled,12.00,,,,,,,,,,,,,,,,,,,,,,,,,,,,,VC_US_EXACT_PHRASE_EXPANSION_2026-08-21,New exact/phrase exploration AG → /us main control
496-715-1855,Keyword,VC_US_S_ROLES,,,,,,,,,,,,Sales_Support_CRM,,,sales support virtual assistant,Exact,Enabled,,,,,,,,,,,,,,,,,,,,,,,,,,VC_US_EXACT_PHRASE_EXPANSION_2026-08-21,
496-715-1855,Keyword,VC_US_S_ROLES,,,,,,,,,,,,Sales_Support_CRM,,,sales support virtual assistant,Phrase,Enabled,,,,,,,,,,,,,,,,,,,,,,,,,,VC_US_EXACT_PHRASE_EXPANSION_2026-08-21,
496-715-1855,Keyword,VC_US_S_ROLES,,,,,,,,,,,,Sales_Support_CRM,,,hire sales virtual assistant,Exact,Enabled,,,,,,,,,,,,,,,,,,,,,,,,,,VC_US_EXACT_PHRASE_EXPANSION_2026-08-21,
496-715-1855,Keyword,VC_US_S_ROLES,,,,,,,,,,,,Sales_Support_CRM,,,hire sales virtual assistant,Phrase,Enabled,,,,,,,,,,,,,,,,,,,,,,,,,,VC_US_EXACT_PHRASE_EXPANSION_2026-08-21,
496-715-1855,Keyword,VC_US_S_ROLES,,,,,,,,,,,,Sales_Support_CRM,,,sales administrative assistant,Exact,Enabled,,,,,,,,,,,,,,,,,,,,,,,,,,VC_US_EXACT_PHRASE_EXPANSION_2026-08-21,
496-715-1855,Keyword,VC_US_S_ROLES,,,,,,,,,,,,Sales_Support_CRM,,,sales administrative assistant,Phrase,Enabled,,,,,,,,,,,,,,,,,,,,,,,,,,VC_US_EXACT_PHRASE_EXPANSION_2026-08-21,
496-715-1855,Keyword,VC_US_S_ROLES,,,,,,,,,,,,Sales_Support_CRM,,,crm virtual assistant,Exact,Enabled,,,,,,,,,,,,,,,,,,,,,,,,,,VC_US_EXACT_PHRASE_EXPANSION_2026-08-21,
496-715-1855,Keyword,VC_US_S_ROLES,,,,,,,,,,,,Sales_Support_CRM,,,crm virtual assistant,Phrase,Enabled,,,,,,,,,,,,,,,,,,,,,,,,,,VC_US_EXACT_PHRASE_EXPANSION_2026-08-21,
496-715-1855,Keyword,VC_US_S_ROLES,,,,,,,,,,,,Sales_Support_CRM,,,outsourced sales support,Exact,Enabled,,,,,,,,,,,,,,,,,,,,,,,,,,VC_US_EXACT_PHRASE_EXPANSION_2026-08-21,
496-715-1855,Keyword,VC_US_S_ROLES,,,,,,,,,,,,Sales_Support_CRM,,,outsourced sales support,Phrase,Enabled,,,,,,,,,,,,,,,,,,,,,,,,,,VC_US_EXACT_PHRASE_EXPANSION_2026-08-21,
496-715-1855,Keyword,VC_US_S_ROLES,,,,,,,,,,,,Sales_Support_CRM,,,remote sales support assistant,Exact,Enabled,,,,,,,,,,,,,,,,,,,,,,,,,,VC_US_EXACT_PHRASE_EXPANSION_2026-08-21,
496-715-1855,Keyword,VC_US_S_ROLES,,,,,,,,,,,,Sales_Support_CRM,,,remote sales support assistant,Phrase,Enabled,,,,,,,,,,,,,,,,,,,,,,,,,,VC_US_EXACT_PHRASE_EXPANSION_2026-08-21,
496-715-1855,Keyword,VC_US_S_ROLES,,,,,,,,,,,,Sales_Support_CRM,,,sales job,Phrase,Enabled,,,,,,,,,,,,,,,,,,,,,,,,,Yes,VC_US_EXACT_PHRASE_EXPANSION_2026-08-21,High-confidence AG negative only
496-715-1855,Keyword,VC_US_S_ROLES,,,,,,,,,,,,Sales_Support_CRM,,,sales salary,Phrase,Enabled,,,,,,,,,,,,,,,,,,,,,,,,,Yes,VC_US_EXACT_PHRASE_EXPANSION_2026-08-21,High-confidence AG negative only
496-715-1855,Keyword,VC_US_S_ROLES,,,,,,,,,,,,Sales_Support_CRM,,,crm login,Phrase,Enabled,,,,,,,,,,,,,,,,,,,,,,,,,Yes,VC_US_EXACT_PHRASE_EXPANSION_2026-08-21,High-confidence AG negative only
496-715-1855,Keyword,VC_US_S_ROLES,,,,,,,,,,,,Sales_Support_CRM,,,salesforce certification,Phrase,Enabled,,,,,,,,,,,,,,,,,,,,,,,,,Yes,VC_US_EXACT_PHRASE_EXPANSION_2026-08-21,High-confidence AG negative only
496-715-1855,Keyword,VC_US_S_ROLES,,,,,,,,,,,,Sales_Support_CRM,,,hubspot certification,Phrase,Enabled,,,,,,,,,,,,,,,,,,,,,,,,,Yes,VC_US_EXACT_PHRASE_EXPANSION_2026-08-21,High-confidence AG negative only
496-715-1855,Keyword,VC_US_S_ROLES,,,,,,,,,,,,Sales_Support_CRM,,,gohighlevel login,Phrase,Enabled,,,,,,,,,,,,,,,,,,,,,,,,,Yes,VC_US_EXACT_PHRASE_EXPANSION_2026-08-21,High-confidence AG negative only
496-715-1855,Ad,VC_US_S_ROLES,,,,,,,,,,,,Sales_Support_CRM,,,,,,Enabled,Responsive search ad,https://www.virtualcoworker.app/us?utm_source=google&utm_medium=cpc&utm_campaign=vc_us_roles&utm_content=sales_support_crm_direct&utm_term={keyword}&matchtype={matchtype}&campaignid={campaignid}&adgroupid={adgroupid}&creative={creative}&lp_version=us-main-control,us,hire,Hire Sales Support Help,CRM Support for Your Team,Remote Sales Admin Hire,Outsourced Sales Support,Staff Your Sales Ops,Philippines Sales Support,Build Sales Admin Capacity,Hire CRM Hygiene Help,Interview Sales Support,Tell Us Your Sales Load,Dedicated Sales Ops Seat,Support Your Closers,,,,"Hire sales support for your company. Lists, CRM hygiene, and follow-up help.",Remote sales admin on your hours so closers stay on revenue work.,Outsourced sales support without adding local overhead first.,We recruit and screen. You interview. You choose who joins your sales ops.,,VC_US_EXACT_PHRASE_EXPANSION_2026-08-21,RSA angle=direct; no DKI; lp=us-main-control
496-715-1855,Ad,VC_US_S_ROLES,,,,,,,,,,,,Sales_Support_CRM,,,,,,Enabled,Responsive search ad,https://www.virtualcoworker.app/us?utm_source=google&utm_medium=cpc&utm_campaign=vc_us_roles&utm_content=sales_support_crm_relief&utm_term={keyword}&matchtype={matchtype}&campaignid={campaignid}&adgroupid={adgroupid}&creative={creative}&lp_version=us-main-control,us,relief,Get CRM Chaos Off Closers,Stop Losing Follow-Ups,Keep Pipeline Data Clean,Hand Off Sales Admin,Lists Without the Grind,Free Reps to Sell Again,End the Spreadsheet Chase,Follow-Ups That Happen,Less Admin in Sales Days,Pipeline Work That Moves,Calm Sales Ops Drag,Relief for Sales Leaders,,,,"When CRM and follow-ups slip, deals stall. Get a dedicated support seat.",Sales admin and pipeline hygiene handled on your business hours.,Your closers keep selling. Support owns the repetitive sales ops work.,Tell us tools and tasks. We recruit. You interview before anyone starts.,,VC_US_EXACT_PHRASE_EXPANSION_2026-08-21,RSA angle=relief; no DKI; lp=us-main-control
496-715-1855,Ad,VC_US_S_ROLES,,,,,,,,,,,,Sales_Support_CRM,,,,,,Enabled,Responsive search ad,https://www.virtualcoworker.app/us?utm_source=google&utm_medium=cpc&utm_campaign=vc_us_roles&utm_content=sales_support_crm_trust&utm_term={keyword}&matchtype={matchtype}&campaignid={campaignid}&adgroupid={adgroupid}&creative={creative}&lp_version=us-main-control,us,trust,From $7/Hour Staffing,Vetted Philippines Talent,Talent Working Your Hours,We Recruit and Screen,Support for Growing Teams,Lower the Cost of Hiring,Build Team Without Overhead,No Recruitment Fees,You Interview the Shortlist,Staffing Partner Since 2011,Payroll and HR Included,Clear Sales Support Path,,,,From $7/hour dedicated staff for sales support and CRM admin roles.,We recruit and vet. You interview. Talent works your company hours.,Payroll and HR included after hire so your sales leads stay focused.,For US teams that need sales ops coverage without local hiring drag.,,VC_US_EXACT_PHRASE_EXPANSION_2026-08-21,RSA angle=trust; no DKI; lp=us-main-control
496-715-1855,Ad,VC_US_S_ROLES,,,,,,,,,,,,TF_Bookkeeping,,,,,,Enabled,Responsive search ad,https://www.virtualcoworker.app/us/tf/bookkeeping?utm_source=google&utm_medium=cpc&utm_campaign=vc_us_roles&utm_content=tf_bookkeeping_relief&utm_term={keyword}&matchtype={matchtype}&campaignid={campaignid}&adgroupid={adgroupid}&creative={creative}&lp_version=tf-rsa-topup,tf,caught-up,"Your Books, Finally Caught Up",Stop Chasing Month-End Chaos,Reconciliations Off Your Desk,Keep Invoices Moving Daily,Close Books Without Overtime,Hand Off Routine Book Work,Catch Up Without Hiring Drama,Free Ops From Spreadsheets,Month-End Without the Scramble,Let Finance Focus Again,Books That Stay Current,Relief for Busy Operators,,,,"When books slip, everything slips. Get dedicated help for your company books.",Stop living in catch-up mode. A remote bookkeeper works your hours.,"Invoices, reconciliations, and routine reporting owned by one seat.",You stay in control. We recruit. You interview. Nobody starts without your yes.,,VC_US_EXACT_PHRASE_EXPANSION_2026-08-21,TF RSA top-up angle=relief; no DKI; existing AG only
496-715-1855,Ad,VC_US_S_ROLES,,,,,,,,,,,,TF_Bookkeeping,,,,,,Enabled,Responsive search ad,https://www.virtualcoworker.app/us/tf/bookkeeping?utm_source=google&utm_medium=cpc&utm_campaign=vc_us_roles&utm_content=tf_bookkeeping_trust&utm_term={keyword}&matchtype={matchtype}&campaignid={campaignid}&adgroupid={adgroupid}&creative={creative}&lp_version=tf-rsa-topup,tf,vetted,From $7/Hour Staffing,Vetted Philippines Talent,Talent Working Your Hours,We Recruit and Screen,Support for Growing Teams,Lower the Cost of Hiring,Build Team Without Overhead,No Recruitment Fees,You Interview the Shortlist,Staffing Partner Since 2011,Payroll and HR Included,Hire With a Clear Process,,,,From $7/hour for dedicated Philippines staff. We recruit and vet for your role.,Vetted talent on your business hours. You interview before anyone starts.,"We handle recruiting, screening, payroll, and HR after you hire.",Built for growing US companies that need reliable bookkeeping support.,,VC_US_EXACT_PHRASE_EXPANSION_2026-08-21,TF RSA top-up angle=trust; no DKI; existing AG only
496-715-1855,Ad,VC_US_S_ROLES,,,,,,,,,,,,TF_Real_Estate,,,,,,Enabled,Responsive search ad,https://www.virtualcoworker.app/us/tf/real-estate?utm_source=google&utm_medium=cpc&utm_campaign=vc_us_roles&utm_content=tf_real_estate_relief&utm_term={keyword}&matchtype={matchtype}&campaignid={campaignid}&adgroupid={adgroupid}&creative={creative}&lp_version=tf-rsa-topup,tf,ops,Get Listing Admin Off Plate,Stop Losing Buyer Follow-Ups,Keep Transactions Moving,Hand Off Routine RE Admin,Clear the Ops Backlog,Less Chaos in Your Inbox,Free Agents to Sell Again,Follow-Ups That Happen,End the Spreadsheet Chase,Make Room for Closings,Calm Real Estate Busywork,Relief for Busy Brokers,,,,"When admin piles up, deals stall. Get a dedicated seat for your real estate team.","Follow-ups, docs, and routine ops handled by someone on your hours.",Your agents keep selling. Support owns the repetitive real estate admin.,Tell us the role. We recruit. You interview before anyone starts.,,VC_US_EXACT_PHRASE_EXPANSION_2026-08-21,TF RSA top-up angle=relief; no DKI; existing AG only
496-715-1855,Ad,VC_US_S_ROLES,,,,,,,,,,,,TF_Real_Estate,,,,,,Enabled,Responsive search ad,https://www.virtualcoworker.app/us/tf/real-estate?utm_source=google&utm_medium=cpc&utm_campaign=vc_us_roles&utm_content=tf_real_estate_trust&utm_term={keyword}&matchtype={matchtype}&campaignid={campaignid}&adgroupid={adgroupid}&creative={creative}&lp_version=tf-rsa-topup,tf,partner,From $7/Hour Staffing,Vetted Philippines Talent,Talent Working Your Hours,We Recruit and Screen,Not a Freelance Marketplace,Lower the Cost of Hiring,Build Team Without Overhead,No Recruitment Fees,You Interview Finalists,Staffing Partner Since 2011,Payroll and HR Included,Clear Hiring Process,,,,From $7/hour dedicated staff for real estate support roles your company needs.,We recruit and vet. You interview. Talent works your business hours.,Not a gig marketplace. Dedicated seats for your real estate operation.,Payroll and HR stay with us after you hire so your team can focus.,,VC_US_EXACT_PHRASE_EXPANSION_2026-08-21,TF RSA top-up angle=trust; no DKI; existing AG only
