Account,Campaign,Keyword,Match type,Comment
573-539-1940,VC_AU_S_CORE,job,Broad,"VC-only curated Stage1 campaign neg; NOT account shared / PM_* mega list; MMC import only (Keywords, Negative)"
573-539-1940,VC_AU_S_CORE,jobs,Broad,"VC-only curated Stage1 campaign neg; NOT account shared / PM_* mega list; MMC import only (Keywords, Negative)"
573-539-1940,VC_AU_S_CORE,salary,Broad,"VC-only curated Stage1 campaign neg; NOT account shared / PM_* mega list; MMC import only (Keywords, Negative)"
573-539-1940,VC_AU_S_CORE,salaries,Broad,"VC-only curated Stage1 campaign neg; NOT account shared / PM_* mega list; MMC import only (Keywords, Negative)"
573-539-1940,VC_AU_S_CORE,wage,Broad,"VC-only curated Stage1 campaign neg; NOT account shared / PM_* mega list; MMC import only (Keywords, Negative)"
573-539-1940,VC_AU_S_CORE,wages,Broad,"VC-only curated Stage1 campaign neg; NOT account shared / PM_* mega list; MMC import only (Keywords, Negative)"
573-539-1940,VC_AU_S_CORE,career,Broad,"VC-only curated Stage1 campaign neg; NOT account shared / PM_* mega list; MMC import only (Keywords, Negative)"
573-539-1940,VC_AU_S_CORE,careers,Broad,"VC-only curated Stage1 campaign neg; NOT account shared / PM_* mega list; MMC import only (Keywords, Negative)"
573-539-1940,VC_AU_S_CORE,hiring me,Broad,"VC-only curated Stage1 campaign neg; NOT account shared / PM_* mega list; MMC import only (Keywords, Negative)"
573-539-1940,VC_AU_S_CORE,i need a job,Broad,"VC-only curated Stage1 campaign neg; NOT account shared / PM_* mega list; MMC import only (Keywords, Negative)"
573-539-1940,VC_AU_S_CORE,looking for a job,Broad,"VC-only curated Stage1 campaign neg; NOT account shared / PM_* mega list; MMC import only (Keywords, Negative)"
573-539-1940,VC_AU_S_CORE,resume,Broad,"VC-only curated Stage1 campaign neg; NOT account shared / PM_* mega list; MMC import only (Keywords, Negative)"
573-539-1940,VC_AU_S_CORE,cv,Broad,"VC-only curated Stage1 campaign neg; NOT account shared / PM_* mega list; MMC import only (Keywords, Negative)"
573-539-1940,VC_AU_S_CORE,apply,Broad,"VC-only curated Stage1 campaign neg; NOT account shared / PM_* mega list; MMC import only (Keywords, Negative)"
573-539-1940,VC_AU_S_CORE,application,Broad,"VC-only curated Stage1 campaign neg; NOT account shared / PM_* mega list; MMC import only (Keywords, Negative)"
573-539-1940,VC_AU_S_CORE,employment,Broad,"VC-only curated Stage1 campaign neg; NOT account shared / PM_* mega list; MMC import only (Keywords, Negative)"
573-539-1940,VC_AU_S_CORE,intern,Broad,"VC-only curated Stage1 campaign neg; NOT account shared / PM_* mega list; MMC import only (Keywords, Negative)"
573-539-1940,VC_AU_S_CORE,internship,Broad,"VC-only curated Stage1 campaign neg; NOT account shared / PM_* mega list; MMC import only (Keywords, Negative)"
573-539-1940,VC_AU_S_CORE,job description,Broad,"VC-only curated Stage1 campaign neg; NOT account shared / PM_* mega list; MMC import only (Keywords, Negative)"
573-539-1940,VC_AU_S_CORE,job listings,Broad,"VC-only curated Stage1 campaign neg; NOT account shared / PM_* mega list; MMC import only (Keywords, Negative)"
573-539-1940,VC_AU_S_CORE,job opening,Broad,"VC-only curated Stage1 campaign neg; NOT account shared / PM_* mega list; MMC import only (Keywords, Negative)"
573-539-1940,VC_AU_S_CORE,job openings,Broad,"VC-only curated Stage1 campaign neg; NOT account shared / PM_* mega list; MMC import only (Keywords, Negative)"
573-539-1940,VC_AU_S_CORE,vacancies,Broad,"VC-only curated Stage1 campaign neg; NOT account shared / PM_* mega list; MMC import only (Keywords, Negative)"
573-539-1940,VC_AU_S_CORE,vacancy,Broad,"VC-only curated Stage1 campaign neg; NOT account shared / PM_* mega list; MMC import only (Keywords, Negative)"
573-539-1940,VC_AU_S_CORE,work from home job,Broad,"VC-only curated Stage1 campaign neg; NOT account shared / PM_* mega list; MMC import only (Keywords, Negative)"
573-539-1940,VC_AU_S_CORE,wfh job,Broad,"VC-only curated Stage1 campaign neg; NOT account shared / PM_* mega list; MMC import only (Keywords, Negative)"
573-539-1940,VC_AU_S_CORE,remote job,Broad,"VC-only curated Stage1 campaign neg; NOT account shared / PM_* mega list; MMC import only (Keywords, Negative)"
573-539-1940,VC_AU_S_CORE,remote jobs,Broad,"VC-only curated Stage1 campaign neg; NOT account shared / PM_* mega list; MMC import only (Keywords, Negative)"
573-539-1940,VC_AU_S_CORE,online job,Broad,"VC-only curated Stage1 campaign neg; NOT account shared / PM_* mega list; MMC import only (Keywords, Negative)"
573-539-1940,VC_AU_S_CORE,online jobs,Broad,"VC-only curated Stage1 campaign neg; NOT account shared / PM_* mega list; MMC import only (Keywords, Negative)"
573-539-1940,VC_AU_S_CORE,part time job,Broad,"VC-only curated Stage1 campaign neg; NOT account shared / PM_* mega list; MMC import only (Keywords, Negative)"
573-539-1940,VC_AU_S_CORE,full time job,Broad,"VC-only curated Stage1 campaign neg; NOT account shared / PM_* mega list; MMC import only (Keywords, Negative)"
573-539-1940,VC_AU_S_CORE,no experience,Broad,"VC-only curated Stage1 campaign neg; NOT account shared / PM_* mega list; MMC import only (Keywords, Negative)"
573-539-1940,VC_AU_S_CORE,entry level,Broad,"VC-only curated Stage1 campaign neg; NOT account shared / PM_* mega list; MMC import only (Keywords, Negative)"
573-539-1940,VC_AU_S_CORE,indeed,Broad,"VC-only curated Stage1 campaign neg; NOT account shared / PM_* mega list; MMC import only (Keywords, Negative)"
573-539-1940,VC_AU_S_CORE,glassdoor,Broad,"VC-only curated Stage1 campaign neg; NOT account shared / PM_* mega list; MMC import only (Keywords, Negative)"
573-539-1940,VC_AU_S_CORE,jobstreet,Broad,"VC-only curated Stage1 campaign neg; NOT account shared / PM_* mega list; MMC import only (Keywords, Negative)"
573-539-1940,VC_AU_S_CORE,linkedin jobs,Broad,"VC-only curated Stage1 campaign neg; NOT account shared / PM_* mega list; MMC import only (Keywords, Negative)"
573-539-1940,VC_AU_S_CORE,onlinejobs,Broad,"VC-only curated Stage1 campaign neg; NOT account shared / PM_* mega list; MMC import only (Keywords, Negative)"
573-539-1940,VC_AU_S_CORE,onlinejobs.ph,Broad,"VC-only curated Stage1 campaign neg; NOT account shared / PM_* mega list; MMC import only (Keywords, Negative)"
573-539-1940,VC_AU_S_CORE,onlinejobs ph,Broad,"VC-only curated Stage1 campaign neg; NOT account shared / PM_* mega list; MMC import only (Keywords, Negative)"
573-539-1940,VC_AU_S_CORE,onlinejobsph,Broad,"VC-only curated Stage1 campaign neg; NOT account shared / PM_* mega list; MMC import only (Keywords, Negative)"
573-539-1940,VC_AU_S_CORE,online jobs ph,Broad,"VC-only curated Stage1 campaign neg; NOT account shared / PM_* mega list; MMC import only (Keywords, Negative)"
573-539-1940,VC_AU_S_CORE,online jobs philippines,Broad,"VC-only curated Stage1 campaign neg; NOT account shared / PM_* mega list; MMC import only (Keywords, Negative)"
573-539-1940,VC_AU_S_CORE,ph jobs online,Broad,"VC-only curated Stage1 campaign neg; NOT account shared / PM_* mega list; MMC import only (Keywords, Negative)"
573-539-1940,VC_AU_S_CORE,virtual assistant jobs,Broad,"VC-only curated Stage1 campaign neg; NOT account shared / PM_* mega list; MMC import only (Keywords, Negative)"
573-539-1940,VC_AU_S_CORE,virtual assistant job,Broad,"VC-only curated Stage1 campaign neg; NOT account shared / PM_* mega list; MMC import only (Keywords, Negative)"
573-539-1940,VC_AU_S_CORE,virtual assistant careers,Broad,"VC-only curated Stage1 campaign neg; NOT account shared / PM_* mega list; MMC import only (Keywords, Negative)"
573-539-1940,VC_AU_S_CORE,virtual assistant salary,Broad,"VC-only curated Stage1 campaign neg; NOT account shared / PM_* mega list; MMC import only (Keywords, Negative)"
573-539-1940,VC_AU_S_CORE,virtual assistant philippines salary,Broad,"VC-only curated Stage1 campaign neg; NOT account shared / PM_* mega list; MMC import only (Keywords, Negative)"
573-539-1940,VC_AU_S_CORE,va philippines salary,Broad,"VC-only curated Stage1 campaign neg; NOT account shared / PM_* mega list; MMC import only (Keywords, Negative)"
573-539-1940,VC_AU_S_CORE,filipino virtual assistant salary,Broad,"VC-only curated Stage1 campaign neg; NOT account shared / PM_* mega list; MMC import only (Keywords, Negative)"
573-539-1940,VC_AU_S_CORE,apply as virtual assistant,Broad,"VC-only curated Stage1 campaign neg; NOT account shared / PM_* mega list; MMC import only (Keywords, Negative)"
573-539-1940,VC_AU_S_CORE,va jobs,Broad,"VC-only curated Stage1 campaign neg; NOT account shared / PM_* mega list; MMC import only (Keywords, Negative)"
573-539-1940,VC_AU_S_CORE,va job,Broad,"VC-only curated Stage1 campaign neg; NOT account shared / PM_* mega list; MMC import only (Keywords, Negative)"
573-539-1940,VC_AU_S_CORE,va salary,Broad,"VC-only curated Stage1 campaign neg; NOT account shared / PM_* mega list; MMC import only (Keywords, Negative)"
573-539-1940,VC_AU_S_CORE,va philippines jobs,Broad,"VC-only curated Stage1 campaign neg; NOT account shared / PM_* mega list; MMC import only (Keywords, Negative)"
573-539-1940,VC_AU_S_CORE,how much do virtual assistants make,Broad,"VC-only curated Stage1 campaign neg; NOT account shared / PM_* mega list; MMC import only (Keywords, Negative)"
573-539-1940,VC_AU_S_CORE,bookkeeper philippines salary,Broad,"VC-only curated Stage1 campaign neg; NOT account shared / PM_* mega list; MMC import only (Keywords, Negative)"
573-539-1940,VC_AU_S_CORE,work from home,Broad,"VC-only curated Stage1 campaign neg; NOT account shared / PM_* mega list; MMC import only (Keywords, Negative)"
573-539-1940,VC_AU_S_CORE,wfh,Broad,"VC-only curated Stage1 campaign neg; NOT account shared / PM_* mega list; MMC import only (Keywords, Negative)"
573-539-1940,VC_AU_S_CORE,work from home receptionist,Broad,"VC-only curated Stage1 campaign neg; NOT account shared / PM_* mega list; MMC import only (Keywords, Negative)"
573-539-1940,VC_AU_S_CORE,work from home start today,Broad,"VC-only curated Stage1 campaign neg; NOT account shared / PM_* mega list; MMC import only (Keywords, Negative)"
573-539-1940,VC_AU_S_CORE,online work from home,Broad,"VC-only curated Stage1 campaign neg; NOT account shared / PM_* mega list; MMC import only (Keywords, Negative)"
573-539-1940,VC_AU_S_CORE,remote work from home,Broad,"VC-only curated Stage1 campaign neg; NOT account shared / PM_* mega list; MMC import only (Keywords, Negative)"
573-539-1940,VC_AU_S_CORE,workathome,Broad,"VC-only curated Stage1 campaign neg; NOT account shared / PM_* mega list; MMC import only (Keywords, Negative)"
573-539-1940,VC_AU_S_CORE,what is,Broad,"VC-only curated Stage1 campaign neg; NOT account shared / PM_* mega list; MMC import only (Keywords, Negative)"
573-539-1940,VC_AU_S_CORE,what is a virtual assistant,Broad,"VC-only curated Stage1 campaign neg; NOT account shared / PM_* mega list; MMC import only (Keywords, Negative)"
573-539-1940,VC_AU_S_CORE,how to become,Broad,"VC-only curated Stage1 campaign neg; NOT account shared / PM_* mega list; MMC import only (Keywords, Negative)"
573-539-1940,VC_AU_S_CORE,how to become a virtual assistant,Broad,"VC-only curated Stage1 campaign neg; NOT account shared / PM_* mega list; MMC import only (Keywords, Negative)"
573-539-1940,VC_AU_S_CORE,how to make money,Broad,"VC-only curated Stage1 campaign neg; NOT account shared / PM_* mega list; MMC import only (Keywords, Negative)"
573-539-1940,VC_AU_S_CORE,how to get a job,Broad,"VC-only curated Stage1 campaign neg; NOT account shared / PM_* mega list; MMC import only (Keywords, Negative)"
573-539-1940,VC_AU_S_CORE,how to start,Broad,"VC-only curated Stage1 campaign neg; NOT account shared / PM_* mega list; MMC import only (Keywords, Negative)"
573-539-1940,VC_AU_S_CORE,tutorial,Broad,"VC-only curated Stage1 campaign neg; NOT account shared / PM_* mega list; MMC import only (Keywords, Negative)"
573-539-1940,VC_AU_S_CORE,course,Broad,"VC-only curated Stage1 campaign neg; NOT account shared / PM_* mega list; MMC import only (Keywords, Negative)"
573-539-1940,VC_AU_S_CORE,courses,Broad,"VC-only curated Stage1 campaign neg; NOT account shared / PM_* mega list; MMC import only (Keywords, Negative)"
573-539-1940,VC_AU_S_CORE,training,Broad,"VC-only curated Stage1 campaign neg; NOT account shared / PM_* mega list; MMC import only (Keywords, Negative)"
573-539-1940,VC_AU_S_CORE,certification,Broad,"VC-only curated Stage1 campaign neg; NOT account shared / PM_* mega list; MMC import only (Keywords, Negative)"
573-539-1940,VC_AU_S_CORE,certificate,Broad,"VC-only curated Stage1 campaign neg; NOT account shared / PM_* mega list; MMC import only (Keywords, Negative)"
573-539-1940,VC_AU_S_CORE,template,Broad,"VC-only curated Stage1 campaign neg; NOT account shared / PM_* mega list; MMC import only (Keywords, Negative)"
573-539-1940,VC_AU_S_CORE,examples,Broad,"VC-only curated Stage1 campaign neg; NOT account shared / PM_* mega list; MMC import only (Keywords, Negative)"
573-539-1940,VC_AU_S_CORE,example,Broad,"VC-only curated Stage1 campaign neg; NOT account shared / PM_* mega list; MMC import only (Keywords, Negative)"
573-539-1940,VC_AU_S_CORE,definition,Broad,"VC-only curated Stage1 campaign neg; NOT account shared / PM_* mega list; MMC import only (Keywords, Negative)"
573-539-1940,VC_AU_S_CORE,meaning,Broad,"VC-only curated Stage1 campaign neg; NOT account shared / PM_* mega list; MMC import only (Keywords, Negative)"
573-539-1940,VC_AU_S_CORE,diy,Broad,"VC-only curated Stage1 campaign neg; NOT account shared / PM_* mega list; MMC import only (Keywords, Negative)"
573-539-1940,VC_AU_S_CORE,for beginners,Broad,"VC-only curated Stage1 campaign neg; NOT account shared / PM_* mega list; MMC import only (Keywords, Negative)"
573-539-1940,VC_AU_S_CORE,skills required,Broad,"VC-only curated Stage1 campaign neg; NOT account shared / PM_* mega list; MMC import only (Keywords, Negative)"
573-539-1940,VC_AU_S_CORE,bruntwork reviews,Broad,"VC-only curated Stage1 campaign neg; NOT account shared / PM_* mega list; MMC import only (Keywords, Negative)"
573-539-1940,VC_AU_S_CORE,brunt work reviews,Broad,"VC-only curated Stage1 campaign neg; NOT account shared / PM_* mega list; MMC import only (Keywords, Negative)"
573-539-1940,VC_AU_S_CORE,remote coworker reviews,Broad,"VC-only curated Stage1 campaign neg; NOT account shared / PM_* mega list; MMC import only (Keywords, Negative)"
573-539-1940,VC_AU_S_CORE,onlinejobs ph reviews,Broad,"VC-only curated Stage1 campaign neg; NOT account shared / PM_* mega list; MMC import only (Keywords, Negative)"
573-539-1940,VC_AU_S_CORE,onlinejobs ph pricing,Broad,"VC-only curated Stage1 campaign neg; NOT account shared / PM_* mega list; MMC import only (Keywords, Negative)"
573-539-1940,VC_AU_S_CORE,myoutdesk reviews,Broad,"VC-only curated Stage1 campaign neg; NOT account shared / PM_* mega list; MMC import only (Keywords, Negative)"
573-539-1940,VC_AU_S_CORE,athena assistant pricing,Broad,"VC-only curated Stage1 campaign neg; NOT account shared / PM_* mega list; MMC import only (Keywords, Negative)"
573-539-1940,VC_AU_S_CORE,athena ea reviews,Broad,"VC-only curated Stage1 campaign neg; NOT account shared / PM_* mega list; MMC import only (Keywords, Negative)"
573-539-1940,VC_AU_S_CORE,virtualstaff ph reviews,Broad,"VC-only curated Stage1 campaign neg; NOT account shared / PM_* mega list; MMC import only (Keywords, Negative)"
573-539-1940,VC_AU_S_CORE,online ph,Broad,"VC-only curated Stage1 campaign neg; NOT account shared / PM_* mega list; MMC import only (Keywords, Negative)"
573-539-1940,VC_AU_S_CORE,onlineph,Broad,"VC-only curated Stage1 campaign neg; NOT account shared / PM_* mega list; MMC import only (Keywords, Negative)"
573-539-1940,VC_AU_S_CORE,wing assistant,Broad,"VC-only curated Stage1 campaign neg; NOT account shared / PM_* mega list; MMC import only (Keywords, Negative)"
573-539-1940,VC_AU_S_CORE,hello rache,Broad,"VC-only curated Stage1 campaign neg; NOT account shared / PM_* mega list; MMC import only (Keywords, Negative)"
573-539-1940,VC_AU_S_CORE,hellorache,Broad,"VC-only curated Stage1 campaign neg; NOT account shared / PM_* mega list; MMC import only (Keywords, Negative)"
573-539-1940,VC_AU_S_CORE,hello rache virtual assistant,Broad,"VC-only curated Stage1 campaign neg; NOT account shared / PM_* mega list; MMC import only (Keywords, Negative)"
573-539-1940,VC_AU_S_CORE,virtual world assistants,Broad,"VC-only curated Stage1 campaign neg; NOT account shared / PM_* mega list; MMC import only (Keywords, Negative)"
573-539-1940,VC_AU_S_CORE,virtual staff finder,Broad,"VC-only curated Stage1 campaign neg; NOT account shared / PM_* mega list; MMC import only (Keywords, Negative)"
573-539-1940,VC_AU_S_CORE,doer virtual assistant,Broad,"VC-only curated Stage1 campaign neg; NOT account shared / PM_* mega list; MMC import only (Keywords, Negative)"
573-539-1940,VC_AU_S_CORE,evirtualassistants,Broad,"VC-only curated Stage1 campaign neg; NOT account shared / PM_* mega list; MMC import only (Keywords, Negative)"
573-539-1940,VC_AU_S_CORE,virtuestaff,Broad,"VC-only curated Stage1 campaign neg; NOT account shared / PM_* mega list; MMC import only (Keywords, Negative)"
573-539-1940,VC_AU_S_CORE,the va hub,Broad,"VC-only curated Stage1 campaign neg; NOT account shared / PM_* mega list; MMC import only (Keywords, Negative)"
573-539-1940,VC_AU_S_CORE,pineapple virtual assistant hub,Broad,"VC-only curated Stage1 campaign neg; NOT account shared / PM_* mega list; MMC import only (Keywords, Negative)"
573-539-1940,VC_AU_S_CORE,free,Broad,"VC-only curated Stage1 campaign neg; NOT account shared / PM_* mega list; MMC import only (Keywords, Negative)"
573-539-1940,VC_AU_S_CORE,free virtual assistant,Broad,"VC-only curated Stage1 campaign neg; NOT account shared / PM_* mega list; MMC import only (Keywords, Negative)"
573-539-1940,VC_AU_S_CORE,torrent,Broad,"VC-only curated Stage1 campaign neg; NOT account shared / PM_* mega list; MMC import only (Keywords, Negative)"
573-539-1940,VC_AU_S_CORE,reddit,Broad,"VC-only curated Stage1 campaign neg; NOT account shared / PM_* mega list; MMC import only (Keywords, Negative)"
573-539-1940,VC_AU_S_CORE,youtube,Broad,"VC-only curated Stage1 campaign neg; NOT account shared / PM_* mega list; MMC import only (Keywords, Negative)"
573-539-1940,VC_AU_S_CORE,pdf,Broad,"VC-only curated Stage1 campaign neg; NOT account shared / PM_* mega list; MMC import only (Keywords, Negative)"
573-539-1940,VC_AU_S_CORE,near me,Broad,"VC-only curated Stage1 campaign neg; NOT account shared / PM_* mega list; MMC import only (Keywords, Negative)"
573-539-1940,VC_AU_S_CORE,upwork,Broad,"VC-only curated Stage1 campaign neg; NOT account shared / PM_* mega list; MMC import only (Keywords, Negative)"
573-539-1940,VC_AU_S_CORE,upwork virtual assistant,Broad,"VC-only curated Stage1 campaign neg; NOT account shared / PM_* mega list; MMC import only (Keywords, Negative)"
573-539-1940,VC_AU_S_CORE,fiverr,Broad,"VC-only curated Stage1 campaign neg; NOT account shared / PM_* mega list; MMC import only (Keywords, Negative)"
573-539-1940,VC_AU_S_CORE,freelancer.com,Broad,"VC-only curated Stage1 campaign neg; NOT account shared / PM_* mega list; MMC import only (Keywords, Negative)"
573-539-1940,VC_AU_S_CORE,freelancer,Broad,"VC-only curated Stage1 campaign neg; NOT account shared / PM_* mega list; MMC import only (Keywords, Negative)"
573-539-1940,VC_AU_S_CORE,wishup,Broad,"VC-only curated Stage1 campaign neg; NOT account shared / PM_* mega list; MMC import only (Keywords, Negative)"
573-539-1940,VC_AU_S_CORE,athena,Broad,"VC-only curated Stage1 campaign neg; NOT account shared / PM_* mega list; MMC import only (Keywords, Negative)"
573-539-1940,VC_AU_S_CORE,boldly,Broad,"VC-only curated Stage1 campaign neg; NOT account shared / PM_* mega list; MMC import only (Keywords, Negative)"
573-539-1940,VC_AU_S_CORE,myoutdesk,Broad,"VC-only curated Stage1 campaign neg; NOT account shared / PM_* mega list; MMC import only (Keywords, Negative)"
573-539-1940,VC_AU_S_CORE,zirtual,Broad,"VC-only curated Stage1 campaign neg; NOT account shared / PM_* mega list; MMC import only (Keywords, Negative)"
573-539-1940,VC_AU_S_CORE,bruntwork,Broad,"VC-only curated Stage1 campaign neg; NOT account shared / PM_* mega list; MMC import only (Keywords, Negative)"
573-539-1940,VC_AU_S_CORE,spanish,Broad,"VC-only curated Stage1 campaign neg; NOT account shared / PM_* mega list; MMC import only (Keywords, Negative)"
573-539-1940,VC_AU_S_CORE,español,Broad,"VC-only curated Stage1 campaign neg; NOT account shared / PM_* mega list; MMC import only (Keywords, Negative)"
573-539-1940,VC_AU_S_CORE,espanol,Broad,"VC-only curated Stage1 campaign neg; NOT account shared / PM_* mega list; MMC import only (Keywords, Negative)"
573-539-1940,VC_AU_S_CORE,bilingual spanish,Broad,"VC-only curated Stage1 campaign neg; NOT account shared / PM_* mega list; MMC import only (Keywords, Negative)"
573-539-1940,VC_AU_S_CORE,asistente virtual,Broad,"VC-only curated Stage1 campaign neg; NOT account shared / PM_* mega list; MMC import only (Keywords, Negative)"
573-539-1940,VC_AU_S_CORE,asistentes virtuales,Broad,"VC-only curated Stage1 campaign neg; NOT account shared / PM_* mega list; MMC import only (Keywords, Negative)"
573-539-1940,VC_AU_S_CORE,asistente virtual bilingue,Broad,"VC-only curated Stage1 campaign neg; NOT account shared / PM_* mega list; MMC import only (Keywords, Negative)"
573-539-1940,VC_AU_S_CORE,asistente virtual bilingüe,Broad,"VC-only curated Stage1 campaign neg; NOT account shared / PM_* mega list; MMC import only (Keywords, Negative)"
573-539-1940,VC_AU_S_CORE,trabajo asistente virtual,Broad,"VC-only curated Stage1 campaign neg; NOT account shared / PM_* mega list; MMC import only (Keywords, Negative)"
573-539-1940,VC_AU_S_CORE,trabajos de asistente virtual,Broad,"VC-only curated Stage1 campaign neg; NOT account shared / PM_* mega list; MMC import only (Keywords, Negative)"
573-539-1940,VC_AU_S_CORE,trabajo de asistente virtual,Broad,"VC-only curated Stage1 campaign neg; NOT account shared / PM_* mega list; MMC import only (Keywords, Negative)"
573-539-1940,VC_AU_S_CORE,asistente virtual en español,Broad,"VC-only curated Stage1 campaign neg; NOT account shared / PM_* mega list; MMC import only (Keywords, Negative)"
573-539-1940,VC_AU_S_CORE,asistente virtual trabajo,Broad,"VC-only curated Stage1 campaign neg; NOT account shared / PM_* mega list; MMC import only (Keywords, Negative)"
573-539-1940,VC_AU_S_CORE,virtual assistant colombia,Broad,"VC-only curated Stage1 campaign neg; NOT account shared / PM_* mega list; MMC import only (Keywords, Negative)"
573-539-1940,VC_AU_S_CORE,virtual assistant in colombia,Broad,"VC-only curated Stage1 campaign neg; NOT account shared / PM_* mega list; MMC import only (Keywords, Negative)"
573-539-1940,VC_AU_S_CORE,argentina virtual assistant,Broad,"VC-only curated Stage1 campaign neg; NOT account shared / PM_* mega list; MMC import only (Keywords, Negative)"
573-539-1940,VC_AU_S_CORE,latam virtual assistant,Broad,"VC-only curated Stage1 campaign neg; NOT account shared / PM_* mega list; MMC import only (Keywords, Negative)"
573-539-1940,VC_AU_S_CORE,mexico virtual assistant,Broad,"VC-only curated Stage1 campaign neg; NOT account shared / PM_* mega list; MMC import only (Keywords, Negative)"
573-539-1940,VC_AU_S_CORE,virtual assistant mexico,Broad,"VC-only curated Stage1 campaign neg; NOT account shared / PM_* mega list; MMC import only (Keywords, Negative)"
573-539-1940,VC_AU_S_CORE,medical,Broad,"VC-only curated Stage1 campaign neg; NOT account shared / PM_* mega list; MMC import only (Keywords, Negative)"
573-539-1940,VC_AU_S_CORE,nurse,Broad,"VC-only curated Stage1 campaign neg; NOT account shared / PM_* mega list; MMC import only (Keywords, Negative)"
573-539-1940,VC_AU_S_CORE,nursing,Broad,"VC-only curated Stage1 campaign neg; NOT account shared / PM_* mega list; MMC import only (Keywords, Negative)"
573-539-1940,VC_AU_S_CORE,doctor,Broad,"VC-only curated Stage1 campaign neg; NOT account shared / PM_* mega list; MMC import only (Keywords, Negative)"
573-539-1940,VC_AU_S_CORE,physician,Broad,"VC-only curated Stage1 campaign neg; NOT account shared / PM_* mega list; MMC import only (Keywords, Negative)"
573-539-1940,VC_AU_S_CORE,healthcare staffing,Broad,"VC-only curated Stage1 campaign neg; NOT account shared / PM_* mega list; MMC import only (Keywords, Negative)"
573-539-1940,VC_AU_S_CORE,medical staffing,Broad,"VC-only curated Stage1 campaign neg; NOT account shared / PM_* mega list; MMC import only (Keywords, Negative)"
573-539-1940,VC_AU_S_CORE,software developer,Broad,"VC-only curated Stage1 campaign neg; NOT account shared / PM_* mega list; MMC import only (Keywords, Negative)"
573-539-1940,VC_AU_S_CORE,web developer,Broad,"VC-only curated Stage1 campaign neg; NOT account shared / PM_* mega list; MMC import only (Keywords, Negative)"
573-539-1940,VC_AU_S_CORE,web developers,Broad,"VC-only curated Stage1 campaign neg; NOT account shared / PM_* mega list; MMC import only (Keywords, Negative)"
573-539-1940,VC_AU_S_CORE,programmer,Broad,"VC-only curated Stage1 campaign neg; NOT account shared / PM_* mega list; MMC import only (Keywords, Negative)"
573-539-1940,VC_AU_S_CORE,programming,Broad,"VC-only curated Stage1 campaign neg; NOT account shared / PM_* mega list; MMC import only (Keywords, Negative)"
573-539-1940,VC_AU_S_CORE,coding,Broad,"VC-only curated Stage1 campaign neg; NOT account shared / PM_* mega list; MMC import only (Keywords, Negative)"
573-539-1940,VC_AU_S_CORE,software engineer,Broad,"VC-only curated Stage1 campaign neg; NOT account shared / PM_* mega list; MMC import only (Keywords, Negative)"
573-539-1940,VC_AU_S_CORE,it staffing,Broad,"VC-only curated Stage1 campaign neg; NOT account shared / PM_* mega list; MMC import only (Keywords, Negative)"
573-539-1940,VC_AU_S_CORE,tech staffing,Broad,"VC-only curated Stage1 campaign neg; NOT account shared / PM_* mega list; MMC import only (Keywords, Negative)"
573-539-1940,VC_AU_S_CORE,technology staffing,Broad,"VC-only curated Stage1 campaign neg; NOT account shared / PM_* mega list; MMC import only (Keywords, Negative)"
573-539-1940,VC_AU_S_CORE,graphic designer,Broad,"VC-only curated Stage1 campaign neg; NOT account shared / PM_* mega list; MMC import only (Keywords, Negative)"
573-539-1940,VC_AU_S_CORE,web design,Broad,"VC-only curated Stage1 campaign neg; NOT account shared / PM_* mega list; MMC import only (Keywords, Negative)"
573-539-1940,VC_AU_S_CORE,consumer,Broad,"VC-only curated Stage1 campaign neg; NOT account shared / PM_* mega list; MMC import only (Keywords, Negative)"
573-539-1940,VC_AU_S_CORE,personal assistant job,Broad,"VC-only curated Stage1 campaign neg; NOT account shared / PM_* mega list; MMC import only (Keywords, Negative)"
573-539-1940,VC_AU_S_CORE,for students,Broad,"VC-only curated Stage1 campaign neg; NOT account shared / PM_* mega list; MMC import only (Keywords, Negative)"
573-539-1940,VC_AU_S_CORE,school,Broad,"VC-only curated Stage1 campaign neg; NOT account shared / PM_* mega list; MMC import only (Keywords, Negative)"
573-539-1940,VC_AU_S_CORE,homework,Broad,"VC-only curated Stage1 campaign neg; NOT account shared / PM_* mega list; MMC import only (Keywords, Negative)"
573-539-1940,VC_AU_S_CORE,us based virtual assistant,Broad,"VC-only curated Stage1 campaign neg; NOT account shared / PM_* mega list; MMC import only (Keywords, Negative)"
573-539-1940,VC_AU_S_CORE,diploma in digital marketing,Broad,"VC-only curated Stage1 campaign neg; NOT account shared / PM_* mega list; MMC import only (Keywords, Negative)"
573-539-1940,VC_AU_S_ROLES,job,Broad,"VC-only curated Stage1 campaign neg; NOT account shared / PM_* mega list; MMC import only (Keywords, Negative)"
573-539-1940,VC_AU_S_ROLES,jobs,Broad,"VC-only curated Stage1 campaign neg; NOT account shared / PM_* mega list; MMC import only (Keywords, Negative)"
573-539-1940,VC_AU_S_ROLES,salary,Broad,"VC-only curated Stage1 campaign neg; NOT account shared / PM_* mega list; MMC import only (Keywords, Negative)"
573-539-1940,VC_AU_S_ROLES,salaries,Broad,"VC-only curated Stage1 campaign neg; NOT account shared / PM_* mega list; MMC import only (Keywords, Negative)"
573-539-1940,VC_AU_S_ROLES,wage,Broad,"VC-only curated Stage1 campaign neg; NOT account shared / PM_* mega list; MMC import only (Keywords, Negative)"
573-539-1940,VC_AU_S_ROLES,wages,Broad,"VC-only curated Stage1 campaign neg; NOT account shared / PM_* mega list; MMC import only (Keywords, Negative)"
573-539-1940,VC_AU_S_ROLES,career,Broad,"VC-only curated Stage1 campaign neg; NOT account shared / PM_* mega list; MMC import only (Keywords, Negative)"
573-539-1940,VC_AU_S_ROLES,careers,Broad,"VC-only curated Stage1 campaign neg; NOT account shared / PM_* mega list; MMC import only (Keywords, Negative)"
573-539-1940,VC_AU_S_ROLES,hiring me,Broad,"VC-only curated Stage1 campaign neg; NOT account shared / PM_* mega list; MMC import only (Keywords, Negative)"
573-539-1940,VC_AU_S_ROLES,i need a job,Broad,"VC-only curated Stage1 campaign neg; NOT account shared / PM_* mega list; MMC import only (Keywords, Negative)"
573-539-1940,VC_AU_S_ROLES,looking for a job,Broad,"VC-only curated Stage1 campaign neg; NOT account shared / PM_* mega list; MMC import only (Keywords, Negative)"
573-539-1940,VC_AU_S_ROLES,resume,Broad,"VC-only curated Stage1 campaign neg; NOT account shared / PM_* mega list; MMC import only (Keywords, Negative)"
573-539-1940,VC_AU_S_ROLES,cv,Broad,"VC-only curated Stage1 campaign neg; NOT account shared / PM_* mega list; MMC import only (Keywords, Negative)"
573-539-1940,VC_AU_S_ROLES,apply,Broad,"VC-only curated Stage1 campaign neg; NOT account shared / PM_* mega list; MMC import only (Keywords, Negative)"
573-539-1940,VC_AU_S_ROLES,application,Broad,"VC-only curated Stage1 campaign neg; NOT account shared / PM_* mega list; MMC import only (Keywords, Negative)"
573-539-1940,VC_AU_S_ROLES,employment,Broad,"VC-only curated Stage1 campaign neg; NOT account shared / PM_* mega list; MMC import only (Keywords, Negative)"
573-539-1940,VC_AU_S_ROLES,intern,Broad,"VC-only curated Stage1 campaign neg; NOT account shared / PM_* mega list; MMC import only (Keywords, Negative)"
573-539-1940,VC_AU_S_ROLES,internship,Broad,"VC-only curated Stage1 campaign neg; NOT account shared / PM_* mega list; MMC import only (Keywords, Negative)"
573-539-1940,VC_AU_S_ROLES,job description,Broad,"VC-only curated Stage1 campaign neg; NOT account shared / PM_* mega list; MMC import only (Keywords, Negative)"
573-539-1940,VC_AU_S_ROLES,job listings,Broad,"VC-only curated Stage1 campaign neg; NOT account shared / PM_* mega list; MMC import only (Keywords, Negative)"
573-539-1940,VC_AU_S_ROLES,job opening,Broad,"VC-only curated Stage1 campaign neg; NOT account shared / PM_* mega list; MMC import only (Keywords, Negative)"
573-539-1940,VC_AU_S_ROLES,job openings,Broad,"VC-only curated Stage1 campaign neg; NOT account shared / PM_* mega list; MMC import only (Keywords, Negative)"
573-539-1940,VC_AU_S_ROLES,vacancies,Broad,"VC-only curated Stage1 campaign neg; NOT account shared / PM_* mega list; MMC import only (Keywords, Negative)"
573-539-1940,VC_AU_S_ROLES,vacancy,Broad,"VC-only curated Stage1 campaign neg; NOT account shared / PM_* mega list; MMC import only (Keywords, Negative)"
573-539-1940,VC_AU_S_ROLES,work from home job,Broad,"VC-only curated Stage1 campaign neg; NOT account shared / PM_* mega list; MMC import only (Keywords, Negative)"
573-539-1940,VC_AU_S_ROLES,wfh job,Broad,"VC-only curated Stage1 campaign neg; NOT account shared / PM_* mega list; MMC import only (Keywords, Negative)"
573-539-1940,VC_AU_S_ROLES,remote job,Broad,"VC-only curated Stage1 campaign neg; NOT account shared / PM_* mega list; MMC import only (Keywords, Negative)"
573-539-1940,VC_AU_S_ROLES,remote jobs,Broad,"VC-only curated Stage1 campaign neg; NOT account shared / PM_* mega list; MMC import only (Keywords, Negative)"
573-539-1940,VC_AU_S_ROLES,online job,Broad,"VC-only curated Stage1 campaign neg; NOT account shared / PM_* mega list; MMC import only (Keywords, Negative)"
573-539-1940,VC_AU_S_ROLES,online jobs,Broad,"VC-only curated Stage1 campaign neg; NOT account shared / PM_* mega list; MMC import only (Keywords, Negative)"
573-539-1940,VC_AU_S_ROLES,part time job,Broad,"VC-only curated Stage1 campaign neg; NOT account shared / PM_* mega list; MMC import only (Keywords, Negative)"
573-539-1940,VC_AU_S_ROLES,full time job,Broad,"VC-only curated Stage1 campaign neg; NOT account shared / PM_* mega list; MMC import only (Keywords, Negative)"
573-539-1940,VC_AU_S_ROLES,no experience,Broad,"VC-only curated Stage1 campaign neg; NOT account shared / PM_* mega list; MMC import only (Keywords, Negative)"
573-539-1940,VC_AU_S_ROLES,entry level,Broad,"VC-only curated Stage1 campaign neg; NOT account shared / PM_* mega list; MMC import only (Keywords, Negative)"
573-539-1940,VC_AU_S_ROLES,indeed,Broad,"VC-only curated Stage1 campaign neg; NOT account shared / PM_* mega list; MMC import only (Keywords, Negative)"
573-539-1940,VC_AU_S_ROLES,glassdoor,Broad,"VC-only curated Stage1 campaign neg; NOT account shared / PM_* mega list; MMC import only (Keywords, Negative)"
573-539-1940,VC_AU_S_ROLES,jobstreet,Broad,"VC-only curated Stage1 campaign neg; NOT account shared / PM_* mega list; MMC import only (Keywords, Negative)"
573-539-1940,VC_AU_S_ROLES,linkedin jobs,Broad,"VC-only curated Stage1 campaign neg; NOT account shared / PM_* mega list; MMC import only (Keywords, Negative)"
573-539-1940,VC_AU_S_ROLES,onlinejobs,Broad,"VC-only curated Stage1 campaign neg; NOT account shared / PM_* mega list; MMC import only (Keywords, Negative)"
573-539-1940,VC_AU_S_ROLES,onlinejobs.ph,Broad,"VC-only curated Stage1 campaign neg; NOT account shared / PM_* mega list; MMC import only (Keywords, Negative)"
573-539-1940,VC_AU_S_ROLES,onlinejobs ph,Broad,"VC-only curated Stage1 campaign neg; NOT account shared / PM_* mega list; MMC import only (Keywords, Negative)"
573-539-1940,VC_AU_S_ROLES,onlinejobsph,Broad,"VC-only curated Stage1 campaign neg; NOT account shared / PM_* mega list; MMC import only (Keywords, Negative)"
573-539-1940,VC_AU_S_ROLES,online jobs ph,Broad,"VC-only curated Stage1 campaign neg; NOT account shared / PM_* mega list; MMC import only (Keywords, Negative)"
573-539-1940,VC_AU_S_ROLES,online jobs philippines,Broad,"VC-only curated Stage1 campaign neg; NOT account shared / PM_* mega list; MMC import only (Keywords, Negative)"
573-539-1940,VC_AU_S_ROLES,ph jobs online,Broad,"VC-only curated Stage1 campaign neg; NOT account shared / PM_* mega list; MMC import only (Keywords, Negative)"
573-539-1940,VC_AU_S_ROLES,virtual assistant jobs,Broad,"VC-only curated Stage1 campaign neg; NOT account shared / PM_* mega list; MMC import only (Keywords, Negative)"
573-539-1940,VC_AU_S_ROLES,virtual assistant job,Broad,"VC-only curated Stage1 campaign neg; NOT account shared / PM_* mega list; MMC import only (Keywords, Negative)"
573-539-1940,VC_AU_S_ROLES,virtual assistant careers,Broad,"VC-only curated Stage1 campaign neg; NOT account shared / PM_* mega list; MMC import only (Keywords, Negative)"
573-539-1940,VC_AU_S_ROLES,virtual assistant salary,Broad,"VC-only curated Stage1 campaign neg; NOT account shared / PM_* mega list; MMC import only (Keywords, Negative)"
573-539-1940,VC_AU_S_ROLES,virtual assistant philippines salary,Broad,"VC-only curated Stage1 campaign neg; NOT account shared / PM_* mega list; MMC import only (Keywords, Negative)"
573-539-1940,VC_AU_S_ROLES,va philippines salary,Broad,"VC-only curated Stage1 campaign neg; NOT account shared / PM_* mega list; MMC import only (Keywords, Negative)"
573-539-1940,VC_AU_S_ROLES,filipino virtual assistant salary,Broad,"VC-only curated Stage1 campaign neg; NOT account shared / PM_* mega list; MMC import only (Keywords, Negative)"
573-539-1940,VC_AU_S_ROLES,apply as virtual assistant,Broad,"VC-only curated Stage1 campaign neg; NOT account shared / PM_* mega list; MMC import only (Keywords, Negative)"
573-539-1940,VC_AU_S_ROLES,va jobs,Broad,"VC-only curated Stage1 campaign neg; NOT account shared / PM_* mega list; MMC import only (Keywords, Negative)"
573-539-1940,VC_AU_S_ROLES,va job,Broad,"VC-only curated Stage1 campaign neg; NOT account shared / PM_* mega list; MMC import only (Keywords, Negative)"
573-539-1940,VC_AU_S_ROLES,va salary,Broad,"VC-only curated Stage1 campaign neg; NOT account shared / PM_* mega list; MMC import only (Keywords, Negative)"
573-539-1940,VC_AU_S_ROLES,va philippines jobs,Broad,"VC-only curated Stage1 campaign neg; NOT account shared / PM_* mega list; MMC import only (Keywords, Negative)"
573-539-1940,VC_AU_S_ROLES,how much do virtual assistants make,Broad,"VC-only curated Stage1 campaign neg; NOT account shared / PM_* mega list; MMC import only (Keywords, Negative)"
573-539-1940,VC_AU_S_ROLES,bookkeeper philippines salary,Broad,"VC-only curated Stage1 campaign neg; NOT account shared / PM_* mega list; MMC import only (Keywords, Negative)"
573-539-1940,VC_AU_S_ROLES,work from home,Broad,"VC-only curated Stage1 campaign neg; NOT account shared / PM_* mega list; MMC import only (Keywords, Negative)"
573-539-1940,VC_AU_S_ROLES,wfh,Broad,"VC-only curated Stage1 campaign neg; NOT account shared / PM_* mega list; MMC import only (Keywords, Negative)"
573-539-1940,VC_AU_S_ROLES,work from home receptionist,Broad,"VC-only curated Stage1 campaign neg; NOT account shared / PM_* mega list; MMC import only (Keywords, Negative)"
573-539-1940,VC_AU_S_ROLES,work from home start today,Broad,"VC-only curated Stage1 campaign neg; NOT account shared / PM_* mega list; MMC import only (Keywords, Negative)"
573-539-1940,VC_AU_S_ROLES,online work from home,Broad,"VC-only curated Stage1 campaign neg; NOT account shared / PM_* mega list; MMC import only (Keywords, Negative)"
573-539-1940,VC_AU_S_ROLES,remote work from home,Broad,"VC-only curated Stage1 campaign neg; NOT account shared / PM_* mega list; MMC import only (Keywords, Negative)"
573-539-1940,VC_AU_S_ROLES,workathome,Broad,"VC-only curated Stage1 campaign neg; NOT account shared / PM_* mega list; MMC import only (Keywords, Negative)"
573-539-1940,VC_AU_S_ROLES,what is,Broad,"VC-only curated Stage1 campaign neg; NOT account shared / PM_* mega list; MMC import only (Keywords, Negative)"
573-539-1940,VC_AU_S_ROLES,what is a virtual assistant,Broad,"VC-only curated Stage1 campaign neg; NOT account shared / PM_* mega list; MMC import only (Keywords, Negative)"
573-539-1940,VC_AU_S_ROLES,how to become,Broad,"VC-only curated Stage1 campaign neg; NOT account shared / PM_* mega list; MMC import only (Keywords, Negative)"
573-539-1940,VC_AU_S_ROLES,how to become a virtual assistant,Broad,"VC-only curated Stage1 campaign neg; NOT account shared / PM_* mega list; MMC import only (Keywords, Negative)"
573-539-1940,VC_AU_S_ROLES,how to make money,Broad,"VC-only curated Stage1 campaign neg; NOT account shared / PM_* mega list; MMC import only (Keywords, Negative)"
573-539-1940,VC_AU_S_ROLES,how to get a job,Broad,"VC-only curated Stage1 campaign neg; NOT account shared / PM_* mega list; MMC import only (Keywords, Negative)"
573-539-1940,VC_AU_S_ROLES,how to start,Broad,"VC-only curated Stage1 campaign neg; NOT account shared / PM_* mega list; MMC import only (Keywords, Negative)"
573-539-1940,VC_AU_S_ROLES,tutorial,Broad,"VC-only curated Stage1 campaign neg; NOT account shared / PM_* mega list; MMC import only (Keywords, Negative)"
573-539-1940,VC_AU_S_ROLES,course,Broad,"VC-only curated Stage1 campaign neg; NOT account shared / PM_* mega list; MMC import only (Keywords, Negative)"
573-539-1940,VC_AU_S_ROLES,courses,Broad,"VC-only curated Stage1 campaign neg; NOT account shared / PM_* mega list; MMC import only (Keywords, Negative)"
573-539-1940,VC_AU_S_ROLES,training,Broad,"VC-only curated Stage1 campaign neg; NOT account shared / PM_* mega list; MMC import only (Keywords, Negative)"
573-539-1940,VC_AU_S_ROLES,certification,Broad,"VC-only curated Stage1 campaign neg; NOT account shared / PM_* mega list; MMC import only (Keywords, Negative)"
573-539-1940,VC_AU_S_ROLES,certificate,Broad,"VC-only curated Stage1 campaign neg; NOT account shared / PM_* mega list; MMC import only (Keywords, Negative)"
573-539-1940,VC_AU_S_ROLES,template,Broad,"VC-only curated Stage1 campaign neg; NOT account shared / PM_* mega list; MMC import only (Keywords, Negative)"
573-539-1940,VC_AU_S_ROLES,examples,Broad,"VC-only curated Stage1 campaign neg; NOT account shared / PM_* mega list; MMC import only (Keywords, Negative)"
573-539-1940,VC_AU_S_ROLES,example,Broad,"VC-only curated Stage1 campaign neg; NOT account shared / PM_* mega list; MMC import only (Keywords, Negative)"
573-539-1940,VC_AU_S_ROLES,definition,Broad,"VC-only curated Stage1 campaign neg; NOT account shared / PM_* mega list; MMC import only (Keywords, Negative)"
573-539-1940,VC_AU_S_ROLES,meaning,Broad,"VC-only curated Stage1 campaign neg; NOT account shared / PM_* mega list; MMC import only (Keywords, Negative)"
573-539-1940,VC_AU_S_ROLES,diy,Broad,"VC-only curated Stage1 campaign neg; NOT account shared / PM_* mega list; MMC import only (Keywords, Negative)"
573-539-1940,VC_AU_S_ROLES,for beginners,Broad,"VC-only curated Stage1 campaign neg; NOT account shared / PM_* mega list; MMC import only (Keywords, Negative)"
573-539-1940,VC_AU_S_ROLES,skills required,Broad,"VC-only curated Stage1 campaign neg; NOT account shared / PM_* mega list; MMC import only (Keywords, Negative)"
573-539-1940,VC_AU_S_ROLES,bruntwork reviews,Broad,"VC-only curated Stage1 campaign neg; NOT account shared / PM_* mega list; MMC import only (Keywords, Negative)"
573-539-1940,VC_AU_S_ROLES,brunt work reviews,Broad,"VC-only curated Stage1 campaign neg; NOT account shared / PM_* mega list; MMC import only (Keywords, Negative)"
573-539-1940,VC_AU_S_ROLES,remote coworker reviews,Broad,"VC-only curated Stage1 campaign neg; NOT account shared / PM_* mega list; MMC import only (Keywords, Negative)"
573-539-1940,VC_AU_S_ROLES,onlinejobs ph reviews,Broad,"VC-only curated Stage1 campaign neg; NOT account shared / PM_* mega list; MMC import only (Keywords, Negative)"
573-539-1940,VC_AU_S_ROLES,onlinejobs ph pricing,Broad,"VC-only curated Stage1 campaign neg; NOT account shared / PM_* mega list; MMC import only (Keywords, Negative)"
573-539-1940,VC_AU_S_ROLES,myoutdesk reviews,Broad,"VC-only curated Stage1 campaign neg; NOT account shared / PM_* mega list; MMC import only (Keywords, Negative)"
573-539-1940,VC_AU_S_ROLES,athena assistant pricing,Broad,"VC-only curated Stage1 campaign neg; NOT account shared / PM_* mega list; MMC import only (Keywords, Negative)"
573-539-1940,VC_AU_S_ROLES,athena ea reviews,Broad,"VC-only curated Stage1 campaign neg; NOT account shared / PM_* mega list; MMC import only (Keywords, Negative)"
573-539-1940,VC_AU_S_ROLES,virtualstaff ph reviews,Broad,"VC-only curated Stage1 campaign neg; NOT account shared / PM_* mega list; MMC import only (Keywords, Negative)"
573-539-1940,VC_AU_S_ROLES,online ph,Broad,"VC-only curated Stage1 campaign neg; NOT account shared / PM_* mega list; MMC import only (Keywords, Negative)"
573-539-1940,VC_AU_S_ROLES,onlineph,Broad,"VC-only curated Stage1 campaign neg; NOT account shared / PM_* mega list; MMC import only (Keywords, Negative)"
573-539-1940,VC_AU_S_ROLES,wing assistant,Broad,"VC-only curated Stage1 campaign neg; NOT account shared / PM_* mega list; MMC import only (Keywords, Negative)"
573-539-1940,VC_AU_S_ROLES,hello rache,Broad,"VC-only curated Stage1 campaign neg; NOT account shared / PM_* mega list; MMC import only (Keywords, Negative)"
573-539-1940,VC_AU_S_ROLES,hellorache,Broad,"VC-only curated Stage1 campaign neg; NOT account shared / PM_* mega list; MMC import only (Keywords, Negative)"
573-539-1940,VC_AU_S_ROLES,hello rache virtual assistant,Broad,"VC-only curated Stage1 campaign neg; NOT account shared / PM_* mega list; MMC import only (Keywords, Negative)"
573-539-1940,VC_AU_S_ROLES,virtual world assistants,Broad,"VC-only curated Stage1 campaign neg; NOT account shared / PM_* mega list; MMC import only (Keywords, Negative)"
573-539-1940,VC_AU_S_ROLES,virtual staff finder,Broad,"VC-only curated Stage1 campaign neg; NOT account shared / PM_* mega list; MMC import only (Keywords, Negative)"
573-539-1940,VC_AU_S_ROLES,doer virtual assistant,Broad,"VC-only curated Stage1 campaign neg; NOT account shared / PM_* mega list; MMC import only (Keywords, Negative)"
573-539-1940,VC_AU_S_ROLES,evirtualassistants,Broad,"VC-only curated Stage1 campaign neg; NOT account shared / PM_* mega list; MMC import only (Keywords, Negative)"
573-539-1940,VC_AU_S_ROLES,virtuestaff,Broad,"VC-only curated Stage1 campaign neg; NOT account shared / PM_* mega list; MMC import only (Keywords, Negative)"
573-539-1940,VC_AU_S_ROLES,the va hub,Broad,"VC-only curated Stage1 campaign neg; NOT account shared / PM_* mega list; MMC import only (Keywords, Negative)"
573-539-1940,VC_AU_S_ROLES,pineapple virtual assistant hub,Broad,"VC-only curated Stage1 campaign neg; NOT account shared / PM_* mega list; MMC import only (Keywords, Negative)"
573-539-1940,VC_AU_S_ROLES,free,Broad,"VC-only curated Stage1 campaign neg; NOT account shared / PM_* mega list; MMC import only (Keywords, Negative)"
573-539-1940,VC_AU_S_ROLES,free virtual assistant,Broad,"VC-only curated Stage1 campaign neg; NOT account shared / PM_* mega list; MMC import only (Keywords, Negative)"
573-539-1940,VC_AU_S_ROLES,torrent,Broad,"VC-only curated Stage1 campaign neg; NOT account shared / PM_* mega list; MMC import only (Keywords, Negative)"
573-539-1940,VC_AU_S_ROLES,reddit,Broad,"VC-only curated Stage1 campaign neg; NOT account shared / PM_* mega list; MMC import only (Keywords, Negative)"
573-539-1940,VC_AU_S_ROLES,youtube,Broad,"VC-only curated Stage1 campaign neg; NOT account shared / PM_* mega list; MMC import only (Keywords, Negative)"
573-539-1940,VC_AU_S_ROLES,pdf,Broad,"VC-only curated Stage1 campaign neg; NOT account shared / PM_* mega list; MMC import only (Keywords, Negative)"
573-539-1940,VC_AU_S_ROLES,near me,Broad,"VC-only curated Stage1 campaign neg; NOT account shared / PM_* mega list; MMC import only (Keywords, Negative)"
573-539-1940,VC_AU_S_ROLES,upwork,Broad,"VC-only curated Stage1 campaign neg; NOT account shared / PM_* mega list; MMC import only (Keywords, Negative)"
573-539-1940,VC_AU_S_ROLES,upwork virtual assistant,Broad,"VC-only curated Stage1 campaign neg; NOT account shared / PM_* mega list; MMC import only (Keywords, Negative)"
573-539-1940,VC_AU_S_ROLES,fiverr,Broad,"VC-only curated Stage1 campaign neg; NOT account shared / PM_* mega list; MMC import only (Keywords, Negative)"
573-539-1940,VC_AU_S_ROLES,freelancer.com,Broad,"VC-only curated Stage1 campaign neg; NOT account shared / PM_* mega list; MMC import only (Keywords, Negative)"
573-539-1940,VC_AU_S_ROLES,freelancer,Broad,"VC-only curated Stage1 campaign neg; NOT account shared / PM_* mega list; MMC import only (Keywords, Negative)"
573-539-1940,VC_AU_S_ROLES,wishup,Broad,"VC-only curated Stage1 campaign neg; NOT account shared / PM_* mega list; MMC import only (Keywords, Negative)"
573-539-1940,VC_AU_S_ROLES,athena,Broad,"VC-only curated Stage1 campaign neg; NOT account shared / PM_* mega list; MMC import only (Keywords, Negative)"
573-539-1940,VC_AU_S_ROLES,boldly,Broad,"VC-only curated Stage1 campaign neg; NOT account shared / PM_* mega list; MMC import only (Keywords, Negative)"
573-539-1940,VC_AU_S_ROLES,myoutdesk,Broad,"VC-only curated Stage1 campaign neg; NOT account shared / PM_* mega list; MMC import only (Keywords, Negative)"
573-539-1940,VC_AU_S_ROLES,zirtual,Broad,"VC-only curated Stage1 campaign neg; NOT account shared / PM_* mega list; MMC import only (Keywords, Negative)"
573-539-1940,VC_AU_S_ROLES,bruntwork,Broad,"VC-only curated Stage1 campaign neg; NOT account shared / PM_* mega list; MMC import only (Keywords, Negative)"
573-539-1940,VC_AU_S_ROLES,spanish,Broad,"VC-only curated Stage1 campaign neg; NOT account shared / PM_* mega list; MMC import only (Keywords, Negative)"
573-539-1940,VC_AU_S_ROLES,español,Broad,"VC-only curated Stage1 campaign neg; NOT account shared / PM_* mega list; MMC import only (Keywords, Negative)"
573-539-1940,VC_AU_S_ROLES,espanol,Broad,"VC-only curated Stage1 campaign neg; NOT account shared / PM_* mega list; MMC import only (Keywords, Negative)"
573-539-1940,VC_AU_S_ROLES,bilingual spanish,Broad,"VC-only curated Stage1 campaign neg; NOT account shared / PM_* mega list; MMC import only (Keywords, Negative)"
573-539-1940,VC_AU_S_ROLES,asistente virtual,Broad,"VC-only curated Stage1 campaign neg; NOT account shared / PM_* mega list; MMC import only (Keywords, Negative)"
573-539-1940,VC_AU_S_ROLES,asistentes virtuales,Broad,"VC-only curated Stage1 campaign neg; NOT account shared / PM_* mega list; MMC import only (Keywords, Negative)"
573-539-1940,VC_AU_S_ROLES,asistente virtual bilingue,Broad,"VC-only curated Stage1 campaign neg; NOT account shared / PM_* mega list; MMC import only (Keywords, Negative)"
573-539-1940,VC_AU_S_ROLES,asistente virtual bilingüe,Broad,"VC-only curated Stage1 campaign neg; NOT account shared / PM_* mega list; MMC import only (Keywords, Negative)"
573-539-1940,VC_AU_S_ROLES,trabajo asistente virtual,Broad,"VC-only curated Stage1 campaign neg; NOT account shared / PM_* mega list; MMC import only (Keywords, Negative)"
573-539-1940,VC_AU_S_ROLES,trabajos de asistente virtual,Broad,"VC-only curated Stage1 campaign neg; NOT account shared / PM_* mega list; MMC import only (Keywords, Negative)"
573-539-1940,VC_AU_S_ROLES,trabajo de asistente virtual,Broad,"VC-only curated Stage1 campaign neg; NOT account shared / PM_* mega list; MMC import only (Keywords, Negative)"
573-539-1940,VC_AU_S_ROLES,asistente virtual en español,Broad,"VC-only curated Stage1 campaign neg; NOT account shared / PM_* mega list; MMC import only (Keywords, Negative)"
573-539-1940,VC_AU_S_ROLES,asistente virtual trabajo,Broad,"VC-only curated Stage1 campaign neg; NOT account shared / PM_* mega list; MMC import only (Keywords, Negative)"
573-539-1940,VC_AU_S_ROLES,virtual assistant colombia,Broad,"VC-only curated Stage1 campaign neg; NOT account shared / PM_* mega list; MMC import only (Keywords, Negative)"
573-539-1940,VC_AU_S_ROLES,virtual assistant in colombia,Broad,"VC-only curated Stage1 campaign neg; NOT account shared / PM_* mega list; MMC import only (Keywords, Negative)"
573-539-1940,VC_AU_S_ROLES,argentina virtual assistant,Broad,"VC-only curated Stage1 campaign neg; NOT account shared / PM_* mega list; MMC import only (Keywords, Negative)"
573-539-1940,VC_AU_S_ROLES,latam virtual assistant,Broad,"VC-only curated Stage1 campaign neg; NOT account shared / PM_* mega list; MMC import only (Keywords, Negative)"
573-539-1940,VC_AU_S_ROLES,mexico virtual assistant,Broad,"VC-only curated Stage1 campaign neg; NOT account shared / PM_* mega list; MMC import only (Keywords, Negative)"
573-539-1940,VC_AU_S_ROLES,virtual assistant mexico,Broad,"VC-only curated Stage1 campaign neg; NOT account shared / PM_* mega list; MMC import only (Keywords, Negative)"
573-539-1940,VC_AU_S_ROLES,medical,Broad,"VC-only curated Stage1 campaign neg; NOT account shared / PM_* mega list; MMC import only (Keywords, Negative)"
573-539-1940,VC_AU_S_ROLES,nurse,Broad,"VC-only curated Stage1 campaign neg; NOT account shared / PM_* mega list; MMC import only (Keywords, Negative)"
573-539-1940,VC_AU_S_ROLES,nursing,Broad,"VC-only curated Stage1 campaign neg; NOT account shared / PM_* mega list; MMC import only (Keywords, Negative)"
573-539-1940,VC_AU_S_ROLES,doctor,Broad,"VC-only curated Stage1 campaign neg; NOT account shared / PM_* mega list; MMC import only (Keywords, Negative)"
573-539-1940,VC_AU_S_ROLES,physician,Broad,"VC-only curated Stage1 campaign neg; NOT account shared / PM_* mega list; MMC import only (Keywords, Negative)"
573-539-1940,VC_AU_S_ROLES,healthcare staffing,Broad,"VC-only curated Stage1 campaign neg; NOT account shared / PM_* mega list; MMC import only (Keywords, Negative)"
573-539-1940,VC_AU_S_ROLES,medical staffing,Broad,"VC-only curated Stage1 campaign neg; NOT account shared / PM_* mega list; MMC import only (Keywords, Negative)"
573-539-1940,VC_AU_S_ROLES,software developer,Broad,"VC-only curated Stage1 campaign neg; NOT account shared / PM_* mega list; MMC import only (Keywords, Negative)"
573-539-1940,VC_AU_S_ROLES,web developer,Broad,"VC-only curated Stage1 campaign neg; NOT account shared / PM_* mega list; MMC import only (Keywords, Negative)"
573-539-1940,VC_AU_S_ROLES,web developers,Broad,"VC-only curated Stage1 campaign neg; NOT account shared / PM_* mega list; MMC import only (Keywords, Negative)"
573-539-1940,VC_AU_S_ROLES,programmer,Broad,"VC-only curated Stage1 campaign neg; NOT account shared / PM_* mega list; MMC import only (Keywords, Negative)"
573-539-1940,VC_AU_S_ROLES,programming,Broad,"VC-only curated Stage1 campaign neg; NOT account shared / PM_* mega list; MMC import only (Keywords, Negative)"
573-539-1940,VC_AU_S_ROLES,coding,Broad,"VC-only curated Stage1 campaign neg; NOT account shared / PM_* mega list; MMC import only (Keywords, Negative)"
573-539-1940,VC_AU_S_ROLES,software engineer,Broad,"VC-only curated Stage1 campaign neg; NOT account shared / PM_* mega list; MMC import only (Keywords, Negative)"
573-539-1940,VC_AU_S_ROLES,it staffing,Broad,"VC-only curated Stage1 campaign neg; NOT account shared / PM_* mega list; MMC import only (Keywords, Negative)"
573-539-1940,VC_AU_S_ROLES,tech staffing,Broad,"VC-only curated Stage1 campaign neg; NOT account shared / PM_* mega list; MMC import only (Keywords, Negative)"
573-539-1940,VC_AU_S_ROLES,technology staffing,Broad,"VC-only curated Stage1 campaign neg; NOT account shared / PM_* mega list; MMC import only (Keywords, Negative)"
573-539-1940,VC_AU_S_ROLES,graphic designer,Broad,"VC-only curated Stage1 campaign neg; NOT account shared / PM_* mega list; MMC import only (Keywords, Negative)"
573-539-1940,VC_AU_S_ROLES,web design,Broad,"VC-only curated Stage1 campaign neg; NOT account shared / PM_* mega list; MMC import only (Keywords, Negative)"
573-539-1940,VC_AU_S_ROLES,consumer,Broad,"VC-only curated Stage1 campaign neg; NOT account shared / PM_* mega list; MMC import only (Keywords, Negative)"
573-539-1940,VC_AU_S_ROLES,personal assistant job,Broad,"VC-only curated Stage1 campaign neg; NOT account shared / PM_* mega list; MMC import only (Keywords, Negative)"
573-539-1940,VC_AU_S_ROLES,for students,Broad,"VC-only curated Stage1 campaign neg; NOT account shared / PM_* mega list; MMC import only (Keywords, Negative)"
573-539-1940,VC_AU_S_ROLES,school,Broad,"VC-only curated Stage1 campaign neg; NOT account shared / PM_* mega list; MMC import only (Keywords, Negative)"
573-539-1940,VC_AU_S_ROLES,homework,Broad,"VC-only curated Stage1 campaign neg; NOT account shared / PM_* mega list; MMC import only (Keywords, Negative)"
573-539-1940,VC_AU_S_ROLES,us based virtual assistant,Broad,"VC-only curated Stage1 campaign neg; NOT account shared / PM_* mega list; MMC import only (Keywords, Negative)"
573-539-1940,VC_AU_S_ROLES,diploma in digital marketing,Broad,"VC-only curated Stage1 campaign neg; NOT account shared / PM_* mega list; MMC import only (Keywords, Negative)"
