Account,Row Type,Campaign,Campaign Type,Campaign Status,Budget,Budget type,Bid Strategy Type,Networks,Languages,Location,Location options,Tracking template,Final URL suffix,Ad Group,Ad Group Status,Maximum CPC bid limit,Keyword,Criterion Type,Keyword Status,Ad Status,Ad type,Final URL,Path 1,Path 2,Headline 1,Headline 2,Headline 3,Headline 4,Headline 5,Headline 6,Headline 7,Headline 8,Headline 9,Headline 10,Headline 11,Headline 12,Headline 13,Headline 14,Headline 15,Description 1,Description 2,Description 3,Description 4,Link Text,Description Line 1,Description Line 2,Callout text,Header,Snippet Values,Negative,Comment
496-715-1855,Keyword,VC_US_S_CORE,Search,,,Daily,Maximize Clicks,Google Search,en,,Presence,,,Offshore_VA_PH,,,virtual assistant philippines,Exact,Paused,,,https://www.virtualcoworker.app/us/philippines-virtual-assistants,,,,,,,,,,,,,,,,,,,,,,,,,,,,,Employer Exact · job-seeker risk · Paused · do not enable until George Posts in Editor · live Final URL on virtualcoworker.app · no Brand · no generic virtual assistants head-term group · Offshore_VA_PH → /us/philippines-virtual-assistants · job-seeker risk medium
496-715-1855,Keyword,VC_US_S_CORE,Search,,,Daily,Maximize Clicks,Google Search,en,,Presence,,,Offshore_VA_PH,,,philippines virtual assistant,Exact,Paused,,,https://www.virtualcoworker.app/us/philippines-virtual-assistants,,,,,,,,,,,,,,,,,,,,,,,,,,,,,Employer Exact · job-seeker risk · Paused · do not enable until George Posts in Editor · live Final URL on virtualcoworker.app · no Brand · no generic virtual assistants head-term group · Offshore_VA_PH → /us/philippines-virtual-assistants · job-seeker risk medium
496-715-1855,Keyword,VC_US_S_CORE,Search,,,Daily,Maximize Clicks,Google Search,en,,Presence,,,Offshore_VA_PH,,,philippines virtual assistants,Exact,Paused,,,https://www.virtualcoworker.app/us/philippines-virtual-assistants,,,,,,,,,,,,,,,,,,,,,,,,,,,,,Employer Exact · job-seeker risk · Paused · do not enable until George Posts in Editor · live Final URL on virtualcoworker.app · no Brand · no generic virtual assistants head-term group · Offshore_VA_PH → /us/philippines-virtual-assistants · job-seeker risk medium
496-715-1855,Keyword,VC_US_S_CORE,Search,,,Daily,Maximize Clicks,Google Search,en,,Presence,,,Offshore_VA_PH,,,virtual assistant in the philippines,Exact,Paused,,,https://www.virtualcoworker.app/us/philippines-virtual-assistants,,,,,,,,,,,,,,,,,,,,,,,,,,,,,Employer Exact · job-seeker risk · Paused · do not enable until George Posts in Editor · live Final URL on virtualcoworker.app · no Brand · no generic virtual assistants head-term group · Offshore_VA_PH → /us/philippines-virtual-assistants · job-seeker risk medium
496-715-1855,Keyword,VC_US_S_CORE,Search,,,Daily,Maximize Clicks,Google Search,en,,Presence,,,Offshore_VA_PH,,,virtual assistants in the philippines,Exact,Paused,,,https://www.virtualcoworker.app/us/philippines-virtual-assistants,,,,,,,,,,,,,,,,,,,,,,,,,,,,,Employer Exact · job-seeker risk · Paused · do not enable until George Posts in Editor · live Final URL on virtualcoworker.app · no Brand · no generic virtual assistants head-term group · Offshore_VA_PH → /us/philippines-virtual-assistants · job-seeker risk medium
496-715-1855,Keyword,VC_US_S_CORE,Search,,,Daily,Maximize Clicks,Google Search,en,,Presence,,,Offshore_VA_PH,,,hire a virtual assistant from the philippines,Exact,Paused,,,https://www.virtualcoworker.app/us/philippines-virtual-assistants,,,,,,,,,,,,,,,,,,,,,,,,,,,,,Employer Exact · job-seeker risk · Paused · do not enable until George Posts in Editor · live Final URL on virtualcoworker.app · no Brand · no generic virtual assistants head-term group · Offshore_VA_PH → /us/philippines-virtual-assistants · job-seeker risk medium
496-715-1855,Keyword,VC_US_S_CORE,Search,,,Daily,Maximize Clicks,Google Search,en,,Presence,,,Offshore_VA_PH,,,hire a virtual assistant in the philippines,Exact,Paused,,,https://www.virtualcoworker.app/us/philippines-virtual-assistants,,,,,,,,,,,,,,,,,,,,,,,,,,,,,Employer Exact · job-seeker risk · Paused · do not enable until George Posts in Editor · live Final URL on virtualcoworker.app · no Brand · no generic virtual assistants head-term group · Offshore_VA_PH → /us/philippines-virtual-assistants · job-seeker risk medium
496-715-1855,Keyword,VC_US_S_CORE,Search,,,Daily,Maximize Clicks,Google Search,en,,Presence,,,Offshore_VA_PH,,,hire virtual assistant philippines,Exact,Paused,,,https://www.virtualcoworker.app/us/philippines-virtual-assistants,,,,,,,,,,,,,,,,,,,,,,,,,,,,,Employer Exact · job-seeker risk · Paused · do not enable until George Posts in Editor · live Final URL on virtualcoworker.app · no Brand · no generic virtual assistants head-term group · Offshore_VA_PH → /us/philippines-virtual-assistants · job-seeker risk medium
496-715-1855,Keyword,VC_US_S_CORE,Search,,,Daily,Maximize Clicks,Google Search,en,,Presence,,,Offshore_VA_PH,,,hire philippines virtual assistant,Exact,Paused,,,https://www.virtualcoworker.app/us/philippines-virtual-assistants,,,,,,,,,,,,,,,,,,,,,,,,,,,,,Employer Exact · job-seeker risk · Paused · do not enable until George Posts in Editor · live Final URL on virtualcoworker.app · no Brand · no generic virtual assistants head-term group · Offshore_VA_PH → /us/philippines-virtual-assistants · job-seeker risk medium
496-715-1855,Keyword,VC_US_S_CORE,Search,,,Daily,Maximize Clicks,Google Search,en,,Presence,,,Offshore_VA_PH,,,hire a filipino virtual assistant,Exact,Paused,,,https://www.virtualcoworker.app/us/philippines-virtual-assistants,,,,,,,,,,,,,,,,,,,,,,,,,,,,,Employer Exact · job-seeker risk · Paused · do not enable until George Posts in Editor · live Final URL on virtualcoworker.app · no Brand · no generic virtual assistants head-term group · Offshore_VA_PH → /us/philippines-virtual-assistants · job-seeker risk medium
496-715-1855,Keyword,VC_US_S_CORE,Search,,,Daily,Maximize Clicks,Google Search,en,,Presence,,,Offshore_VA_PH,,,hire filipino virtual assistant,Exact,Paused,,,https://www.virtualcoworker.app/us/philippines-virtual-assistants,,,,,,,,,,,,,,,,,,,,,,,,,,,,,Employer Exact · job-seeker risk · Paused · do not enable until George Posts in Editor · live Final URL on virtualcoworker.app · no Brand · no generic virtual assistants head-term group · Offshore_VA_PH → /us/philippines-virtual-assistants · job-seeker risk medium
496-715-1855,Keyword,VC_US_S_CORE,Search,,,Daily,Maximize Clicks,Google Search,en,,Presence,,,Offshore_VA_PH,,,filipino virtual assistant,Exact,Paused,,,https://www.virtualcoworker.app/us/philippines-virtual-assistants,,,,,,,,,,,,,,,,,,,,,,,,,,,,,Employer Exact · job-seeker risk · Paused · do not enable until George Posts in Editor · live Final URL on virtualcoworker.app · no Brand · no generic virtual assistants head-term group · Offshore_VA_PH → /us/philippines-virtual-assistants · job-seeker risk medium
496-715-1855,Keyword,VC_US_S_CORE,Search,,,Daily,Maximize Clicks,Google Search,en,,Presence,,,Offshore_VA_PH,,,filipino virtual assistants,Exact,Paused,,,https://www.virtualcoworker.app/us/philippines-virtual-assistants,,,,,,,,,,,,,,,,,,,,,,,,,,,,,Employer Exact · job-seeker risk · Paused · do not enable until George Posts in Editor · live Final URL on virtualcoworker.app · no Brand · no generic virtual assistants head-term group · Offshore_VA_PH → /us/philippines-virtual-assistants · job-seeker risk medium
496-715-1855,Keyword,VC_US_S_CORE,Search,,,Daily,Maximize Clicks,Google Search,en,,Presence,,,Offshore_VA_PH,,,offshore virtual assistant,Exact,Paused,,,https://www.virtualcoworker.app/us/philippines-virtual-assistants,,,,,,,,,,,,,,,,,,,,,,,,,,,,,Employer Exact · job-seeker risk · Paused · do not enable until George Posts in Editor · live Final URL on virtualcoworker.app · no Brand · no generic virtual assistants head-term group · Offshore_VA_PH → /us/philippines-virtual-assistants · job-seeker risk medium
496-715-1855,Keyword,VC_US_S_CORE,Search,,,Daily,Maximize Clicks,Google Search,en,,Presence,,,Offshore_VA_PH,,,offshore virtual assistants,Exact,Paused,,,https://www.virtualcoworker.app/us/philippines-virtual-assistants,,,,,,,,,,,,,,,,,,,,,,,,,,,,,Employer Exact · job-seeker risk · Paused · do not enable until George Posts in Editor · live Final URL on virtualcoworker.app · no Brand · no generic virtual assistants head-term group · Offshore_VA_PH → /us/philippines-virtual-assistants · job-seeker risk medium
496-715-1855,Keyword,VC_US_S_CORE,Search,,,Daily,Maximize Clicks,Google Search,en,,Presence,,,Offshore_VA_PH,,,outsourcing virtual assistant,Exact,Paused,,,https://www.virtualcoworker.app/us/philippines-virtual-assistants,,,,,,,,,,,,,,,,,,,,,,,,,,,,,Employer Exact · job-seeker risk · Paused · do not enable until George Posts in Editor · live Final URL on virtualcoworker.app · no Brand · no generic virtual assistants head-term group · Offshore_VA_PH → /us/philippines-virtual-assistants · job-seeker risk medium
496-715-1855,Keyword,VC_US_S_CORE,Search,,,Daily,Maximize Clicks,Google Search,en,,Presence,,,Offshore_VA_PH,,,virtual assistant overseas,Exact,Paused,,,https://www.virtualcoworker.app/us/philippines-virtual-assistants,,,,,,,,,,,,,,,,,,,,,,,,,,,,,Employer Exact · job-seeker risk · Paused · do not enable until George Posts in Editor · live Final URL on virtualcoworker.app · no Brand · no generic virtual assistants head-term group · Offshore_VA_PH → /us/philippines-virtual-assistants · job-seeker risk medium
496-715-1855,Keyword,VC_US_S_CORE,Search,,,Daily,Maximize Clicks,Google Search,en,,Presence,,,Offshore_VA_PH,,,remote staff philippines,Exact,Paused,,,https://www.virtualcoworker.app/us/philippines-virtual-assistants,,,,,,,,,,,,,,,,,,,,,,,,,,,,,Employer Exact · job-seeker risk · Paused · do not enable until George Posts in Editor · live Final URL on virtualcoworker.app · no Brand · no generic virtual assistants head-term group · Offshore_VA_PH → /us/philippines-virtual-assistants · job-seeker risk medium
496-715-1855,Keyword,VC_US_S_CORE,Search,,,Daily,Maximize Clicks,Google Search,en,,Presence,,,Offshore_VA_PH,,,philippines va,Exact,Paused,,,https://www.virtualcoworker.app/us/philippines-virtual-assistants,,,,,,,,,,,,,,,,,,,,,,,,,,,,,Employer Exact · job-seeker risk · Paused · do not enable until George Posts in Editor · live Final URL on virtualcoworker.app · no Brand · no generic virtual assistants head-term group · Offshore_VA_PH → /us/philippines-virtual-assistants · job-seeker risk medium
496-715-1855,Keyword,VC_US_S_CORE,Search,,,Daily,Maximize Clicks,Google Search,en,,Presence,,,Offshore_VA_PH,,,filipino va,Exact,Paused,,,https://www.virtualcoworker.app/us/philippines-virtual-assistants,,,,,,,,,,,,,,,,,,,,,,,,,,,,,Employer Exact · job-seeker risk · Paused · do not enable until George Posts in Editor · live Final URL on virtualcoworker.app · no Brand · no generic virtual assistants head-term group · Offshore_VA_PH → /us/philippines-virtual-assistants · job-seeker risk medium
496-715-1855,Keyword,VC_US_S_CORE,Search,,,Daily,Maximize Clicks,Google Search,en,,Presence,,,Offshore_VA_PH,,,hire filipino va,Exact,Paused,,,https://www.virtualcoworker.app/us/philippines-virtual-assistants,,,,,,,,,,,,,,,,,,,,,,,,,,,,,Employer Exact · job-seeker risk · Paused · do not enable until George Posts in Editor · live Final URL on virtualcoworker.app · no Brand · no generic virtual assistants head-term group · Offshore_VA_PH → /us/philippines-virtual-assistants · job-seeker risk medium
496-715-1855,Keyword,VC_US_S_CORE,Search,,,Daily,Maximize Clicks,Google Search,en,,Presence,,,Offshore_VA_PH,,,hire a filipino va,Exact,Paused,,,https://www.virtualcoworker.app/us/philippines-virtual-assistants,,,,,,,,,,,,,,,,,,,,,,,,,,,,,Employer Exact · job-seeker risk · Paused · do not enable until George Posts in Editor · live Final URL on virtualcoworker.app · no Brand · no generic virtual assistants head-term group · Offshore_VA_PH → /us/philippines-virtual-assistants · job-seeker risk medium
496-715-1855,Keyword,VC_US_S_CORE,Search,,,Daily,Maximize Clicks,Google Search,en,,Presence,,,Offshore_VA_PH,,,hire va philippines,Exact,Paused,,,https://www.virtualcoworker.app/us/philippines-virtual-assistants,,,,,,,,,,,,,,,,,,,,,,,,,,,,,Employer Exact · job-seeker risk · Paused · do not enable until George Posts in Editor · live Final URL on virtualcoworker.app · no Brand · no generic virtual assistants head-term group · Offshore_VA_PH → /us/philippines-virtual-assistants · job-seeker risk medium
496-715-1855,Keyword,VC_US_S_CORE,Search,,,Daily,Maximize Clicks,Google Search,en,,Presence,,,Offshore_VA_PH,,,offshore va,Exact,Paused,,,https://www.virtualcoworker.app/us/philippines-virtual-assistants,,,,,,,,,,,,,,,,,,,,,,,,,,,,,Employer Exact · job-seeker risk · Paused · do not enable until George Posts in Editor · live Final URL on virtualcoworker.app · no Brand · no generic virtual assistants head-term group · Offshore_VA_PH → /us/philippines-virtual-assistants · job-seeker risk medium
496-715-1855,Keyword,VC_US_S_CORE,Search,,,Daily,Maximize Clicks,Google Search,en,,Presence,,,Offshore_VA_PH,,,virtual assistant from the philippines,Exact,Paused,,,https://www.virtualcoworker.app/us/philippines-virtual-assistants,,,,,,,,,,,,,,,,,,,,,,,,,,,,,Employer Exact · job-seeker risk · Paused · do not enable until George Posts in Editor · live Final URL on virtualcoworker.app · no Brand · no generic virtual assistants head-term group · Offshore_VA_PH → /us/philippines-virtual-assistants · job-seeker risk medium
496-715-1855,Keyword,VC_US_S_CORE,Search,,,Daily,Maximize Clicks,Google Search,en,,Presence,,,Offshore_VA_PH,,,dedicated filipino virtual assistant,Exact,Paused,,,https://www.virtualcoworker.app/us/philippines-virtual-assistants,,,,,,,,,,,,,,,,,,,,,,,,,,,,,Employer Exact · job-seeker risk · Paused · do not enable until George Posts in Editor · live Final URL on virtualcoworker.app · no Brand · no generic virtual assistants head-term group · Offshore_VA_PH → /us/philippines-virtual-assistants · job-seeker risk medium
496-715-1855,Keyword,VC_US_S_CORE,Search,,,Daily,Maximize Clicks,Google Search,en,,Presence,,,Offshore_VA_PH,,,filipino remote virtual assistant,Exact,Paused,,,https://www.virtualcoworker.app/us/philippines-virtual-assistants,,,,,,,,,,,,,,,,,,,,,,,,,,,,,Employer Exact · job-seeker risk · Paused · do not enable until George Posts in Editor · live Final URL on virtualcoworker.app · no Brand · no generic virtual assistants head-term group · Offshore_VA_PH → /us/philippines-virtual-assistants · job-seeker risk medium
496-715-1855,Keyword,VC_US_S_CORE,Search,,,Daily,Maximize Clicks,Google Search,en,,Presence,,,Offshore_VA_PH,,,philippines remote virtual assistant,Exact,Paused,,,https://www.virtualcoworker.app/us/philippines-virtual-assistants,,,,,,,,,,,,,,,,,,,,,,,,,,,,,Employer Exact · job-seeker risk · Paused · do not enable until George Posts in Editor · live Final URL on virtualcoworker.app · no Brand · no generic virtual assistants head-term group · Offshore_VA_PH → /us/philippines-virtual-assistants · job-seeker risk medium
496-715-1855,Keyword,VC_US_S_CORE,Search,,,Daily,Maximize Clicks,Google Search,en,,Presence,,,Offshore_VA_PH,,,virtual assistant services philippines,Exact,Paused,,,https://www.virtualcoworker.app/us/philippines-virtual-assistants,,,,,,,,,,,,,,,,,,,,,,,,,,,,,Employer Exact · job-seeker risk · Paused · do not enable until George Posts in Editor · live Final URL on virtualcoworker.app · no Brand · no generic virtual assistants head-term group · Offshore_VA_PH → /us/philippines-virtual-assistants · job-seeker risk medium
496-715-1855,Keyword,VC_US_S_CORE,Search,,,Daily,Maximize Clicks,Google Search,en,,Presence,,,Virtual_Staff_PH,,,virtual staff philippines,Exact,Paused,,,https://www.virtualcoworker.app/us/philippines-virtual-assistants,,,,,,,,,,,,,,,,,,,,,,,,,,,,,Employer Exact · job-seeker risk · Paused · do not enable until George Posts in Editor · live Final URL on virtualcoworker.app · no Brand · no generic virtual assistants head-term group · Virtual_Staff_PH → /us/philippines-virtual-assistants · job-seeker risk medium
496-715-1855,Keyword,VC_US_S_CORE,Search,,,Daily,Maximize Clicks,Google Search,en,,Presence,,,Virtual_Staff_PH,,,philippines virtual staff,Exact,Paused,,,https://www.virtualcoworker.app/us/philippines-virtual-assistants,,,,,,,,,,,,,,,,,,,,,,,,,,,,,Employer Exact · job-seeker risk · Paused · do not enable until George Posts in Editor · live Final URL on virtualcoworker.app · no Brand · no generic virtual assistants head-term group · Virtual_Staff_PH → /us/philippines-virtual-assistants · job-seeker risk medium
496-715-1855,Keyword,VC_US_S_CORE,Search,,,Daily,Maximize Clicks,Google Search,en,,Presence,,,Virtual_Staff_PH,,,hire virtual staff philippines,Exact,Paused,,,https://www.virtualcoworker.app/us/philippines-virtual-assistants,,,,,,,,,,,,,,,,,,,,,,,,,,,,,Employer Exact · job-seeker risk · Paused · do not enable until George Posts in Editor · live Final URL on virtualcoworker.app · no Brand · no generic virtual assistants head-term group · Virtual_Staff_PH → /us/philippines-virtual-assistants · job-seeker risk medium
496-715-1855,Keyword,VC_US_S_CORE,Search,,,Daily,Maximize Clicks,Google Search,en,,Presence,,,Virtual_Staff_PH,,,filipino virtual staff,Exact,Paused,,,https://www.virtualcoworker.app/us/philippines-virtual-assistants,,,,,,,,,,,,,,,,,,,,,,,,,,,,,Employer Exact · job-seeker risk · Paused · do not enable until George Posts in Editor · live Final URL on virtualcoworker.app · no Brand · no generic virtual assistants head-term group · Virtual_Staff_PH → /us/philippines-virtual-assistants · job-seeker risk medium
496-715-1855,Keyword,VC_US_S_CORE,Search,,,Daily,Maximize Clicks,Google Search,en,,Presence,,,Virtual_Staff_PH,,,offshore virtual staff,Exact,Paused,,,https://www.virtualcoworker.app/us/philippines-virtual-assistants,,,,,,,,,,,,,,,,,,,,,,,,,,,,,Employer Exact · job-seeker risk · Paused · do not enable until George Posts in Editor · live Final URL on virtualcoworker.app · no Brand · no generic virtual assistants head-term group · Virtual_Staff_PH → /us/philippines-virtual-assistants · job-seeker risk medium
496-715-1855,Keyword,VC_US_S_CORE,Search,,,Daily,Maximize Clicks,Google Search,en,,Presence,,,Virtual_Staff_PH,,,remote virtual staff philippines,Exact,Paused,,,https://www.virtualcoworker.app/us/philippines-virtual-assistants,,,,,,,,,,,,,,,,,,,,,,,,,,,,,Employer Exact · job-seeker risk · Paused · do not enable until George Posts in Editor · live Final URL on virtualcoworker.app · no Brand · no generic virtual assistants head-term group · Virtual_Staff_PH → /us/philippines-virtual-assistants · job-seeker risk medium
496-715-1855,Keyword,VC_US_S_CORE,Search,,,Daily,Maximize Clicks,Google Search,en,,Presence,,,Virtual_Staff_PH,,,virtual staffing philippines,Exact,Paused,,,https://www.virtualcoworker.app/us/philippines-virtual-assistants,,,,,,,,,,,,,,,,,,,,,,,,,,,,,Employer Exact · job-seeker risk · Paused · do not enable until George Posts in Editor · live Final URL on virtualcoworker.app · no Brand · no generic virtual assistants head-term group · Virtual_Staff_PH → /us/philippines-virtual-assistants · job-seeker risk medium
496-715-1855,Keyword,VC_US_S_CORE,Search,,,Daily,Maximize Clicks,Google Search,en,,Presence,,,VA_Agency_Firm_PH,,,virtual assistant agency,Exact,Paused,,,https://www.virtualcoworker.app/us/virtual-assistant-agency,,,,,,,,,,,,,,,,,,,,,,,,,,,,,Employer Exact · job-seeker risk · Paused · do not enable until George Posts in Editor · live Final URL on virtualcoworker.app · no Brand · no generic virtual assistants head-term group · VA_Agency_Firm_PH → /us/virtual-assistant-agency · job-seeker risk medium
496-715-1855,Keyword,VC_US_S_CORE,Search,,,Daily,Maximize Clicks,Google Search,en,,Presence,,,VA_Agency_Firm_PH,,,virtual assistant agencies,Exact,Paused,,,https://www.virtualcoworker.app/us/virtual-assistant-agency,,,,,,,,,,,,,,,,,,,,,,,,,,,,,Employer Exact · job-seeker risk · Paused · do not enable until George Posts in Editor · live Final URL on virtualcoworker.app · no Brand · no generic virtual assistants head-term group · VA_Agency_Firm_PH → /us/virtual-assistant-agency · job-seeker risk medium
496-715-1855,Keyword,VC_US_S_CORE,Search,,,Daily,Maximize Clicks,Google Search,en,,Presence,,,VA_Agency_Firm_PH,,,virtual assistant company,Exact,Paused,,,https://www.virtualcoworker.app/us/virtual-assistant-agency,,,,,,,,,,,,,,,,,,,,,,,,,,,,,Employer Exact · job-seeker risk · Paused · do not enable until George Posts in Editor · live Final URL on virtualcoworker.app · no Brand · no generic virtual assistants head-term group · VA_Agency_Firm_PH → /us/virtual-assistant-agency · job-seeker risk medium
496-715-1855,Keyword,VC_US_S_CORE,Search,,,Daily,Maximize Clicks,Google Search,en,,Presence,,,VA_Agency_Firm_PH,,,virtual assistant companies,Exact,Paused,,,https://www.virtualcoworker.app/us/virtual-assistant-agency,,,,,,,,,,,,,,,,,,,,,,,,,,,,,Employer Exact · job-seeker risk · Paused · do not enable until George Posts in Editor · live Final URL on virtualcoworker.app · no Brand · no generic virtual assistants head-term group · VA_Agency_Firm_PH → /us/virtual-assistant-agency · job-seeker risk medium
496-715-1855,Keyword,VC_US_S_CORE,Search,,,Daily,Maximize Clicks,Google Search,en,,Presence,,,VA_Agency_Firm_PH,,,virtual assistant firm,Exact,Paused,,,https://www.virtualcoworker.app/us/virtual-assistant-agency,,,,,,,,,,,,,,,,,,,,,,,,,,,,,Employer Exact · job-seeker risk · Paused · do not enable until George Posts in Editor · live Final URL on virtualcoworker.app · no Brand · no generic virtual assistants head-term group · VA_Agency_Firm_PH → /us/virtual-assistant-agency · job-seeker risk medium
496-715-1855,Keyword,VC_US_S_CORE,Search,,,Daily,Maximize Clicks,Google Search,en,,Presence,,,VA_Agency_Firm_PH,,,va company,Exact,Paused,,,https://www.virtualcoworker.app/us/virtual-assistant-agency,,,,,,,,,,,,,,,,,,,,,,,,,,,,,Employer Exact · job-seeker risk · Paused · do not enable until George Posts in Editor · live Final URL on virtualcoworker.app · no Brand · no generic virtual assistants head-term group · VA_Agency_Firm_PH → /us/virtual-assistant-agency · job-seeker risk medium
496-715-1855,Keyword,VC_US_S_CORE,Search,,,Daily,Maximize Clicks,Google Search,en,,Presence,,,VA_Agency_Firm_PH,,,va firm,Exact,Paused,,,https://www.virtualcoworker.app/us/virtual-assistant-agency,,,,,,,,,,,,,,,,,,,,,,,,,,,,,Employer Exact · job-seeker risk · Paused · do not enable until George Posts in Editor · live Final URL on virtualcoworker.app · no Brand · no generic virtual assistants head-term group · VA_Agency_Firm_PH → /us/virtual-assistant-agency · job-seeker risk medium
496-715-1855,Keyword,VC_US_S_CORE,Search,,,Daily,Maximize Clicks,Google Search,en,,Presence,,,VA_Agency_Firm_PH,,,va agency,Exact,Paused,,,https://www.virtualcoworker.app/us/virtual-assistant-agency,,,,,,,,,,,,,,,,,,,,,,,,,,,,,Employer Exact · job-seeker risk · Paused · do not enable until George Posts in Editor · live Final URL on virtualcoworker.app · no Brand · no generic virtual assistants head-term group · VA_Agency_Firm_PH → /us/virtual-assistant-agency · job-seeker risk medium
496-715-1855,Keyword,VC_US_S_CORE,Search,,,Daily,Maximize Clicks,Google Search,en,,Presence,,,VA_Agency_Firm_PH,,,filipino va agency,Exact,Paused,,,https://www.virtualcoworker.app/us/virtual-assistant-agency,,,,,,,,,,,,,,,,,,,,,,,,,,,,,Employer Exact · job-seeker risk · Paused · do not enable until George Posts in Editor · live Final URL on virtualcoworker.app · no Brand · no generic virtual assistants head-term group · VA_Agency_Firm_PH → /us/virtual-assistant-agency · job-seeker risk medium
496-715-1855,Keyword,VC_US_S_CORE,Search,,,Daily,Maximize Clicks,Google Search,en,,Presence,,,VA_Agency_Firm_PH,,,filipino virtual assistant agency,Exact,Paused,,,https://www.virtualcoworker.app/us/virtual-assistant-agency,,,,,,,,,,,,,,,,,,,,,,,,,,,,,Employer Exact · job-seeker risk · Paused · do not enable until George Posts in Editor · live Final URL on virtualcoworker.app · no Brand · no generic virtual assistants head-term group · VA_Agency_Firm_PH → /us/virtual-assistant-agency · job-seeker risk medium
496-715-1855,Keyword,VC_US_S_CORE,Search,,,Daily,Maximize Clicks,Google Search,en,,Presence,,,VA_Agency_Firm_PH,,,filipino virtual assistant company,Exact,Paused,,,https://www.virtualcoworker.app/us/virtual-assistant-agency,,,,,,,,,,,,,,,,,,,,,,,,,,,,,Employer Exact · job-seeker risk · Paused · do not enable until George Posts in Editor · live Final URL on virtualcoworker.app · no Brand · no generic virtual assistants head-term group · VA_Agency_Firm_PH → /us/virtual-assistant-agency · job-seeker risk medium
496-715-1855,Keyword,VC_US_S_CORE,Search,,,Daily,Maximize Clicks,Google Search,en,,Presence,,,VA_Agency_Firm_PH,,,philippines virtual assistant agency,Exact,Paused,,,https://www.virtualcoworker.app/us/virtual-assistant-agency,,,,,,,,,,,,,,,,,,,,,,,,,,,,,Employer Exact · job-seeker risk · Paused · do not enable until George Posts in Editor · live Final URL on virtualcoworker.app · no Brand · no generic virtual assistants head-term group · VA_Agency_Firm_PH → /us/virtual-assistant-agency · job-seeker risk medium
496-715-1855,Keyword,VC_US_S_CORE,Search,,,Daily,Maximize Clicks,Google Search,en,,Presence,,,VA_Agency_Firm_PH,,,philippines va company,Exact,Paused,,,https://www.virtualcoworker.app/us/virtual-assistant-agency,,,,,,,,,,,,,,,,,,,,,,,,,,,,,Employer Exact · job-seeker risk · Paused · do not enable until George Posts in Editor · live Final URL on virtualcoworker.app · no Brand · no generic virtual assistants head-term group · VA_Agency_Firm_PH → /us/virtual-assistant-agency · job-seeker risk medium
496-715-1855,Keyword,VC_US_S_CORE,Search,,,Daily,Maximize Clicks,Google Search,en,,Presence,,,VA_Agency_Firm_PH,,,philippines va agency,Exact,Paused,,,https://www.virtualcoworker.app/us/virtual-assistant-agency,,,,,,,,,,,,,,,,,,,,,,,,,,,,,Employer Exact · job-seeker risk · Paused · do not enable until George Posts in Editor · live Final URL on virtualcoworker.app · no Brand · no generic virtual assistants head-term group · VA_Agency_Firm_PH → /us/virtual-assistant-agency · job-seeker risk medium
496-715-1855,Keyword,VC_US_S_CORE,Search,,,Daily,Maximize Clicks,Google Search,en,,Presence,,,VA_Agency_Firm_PH,,,virtual assistant company philippines,Exact,Paused,,,https://www.virtualcoworker.app/us/virtual-assistant-agency,,,,,,,,,,,,,,,,,,,,,,,,,,,,,Employer Exact · job-seeker risk · Paused · do not enable until George Posts in Editor · live Final URL on virtualcoworker.app · no Brand · no generic virtual assistants head-term group · VA_Agency_Firm_PH → /us/virtual-assistant-agency · job-seeker risk medium
496-715-1855,Keyword,VC_US_S_CORE,Search,,,Daily,Maximize Clicks,Google Search,en,,Presence,,,VA_Agency_Firm_PH,,,dedicated virtual assistant agency,Exact,Paused,,,https://www.virtualcoworker.app/us/virtual-assistant-agency,,,,,,,,,,,,,,,,,,,,,,,,,,,,,Employer Exact · job-seeker risk · Paused · do not enable until George Posts in Editor · live Final URL on virtualcoworker.app · no Brand · no generic virtual assistants head-term group · VA_Agency_Firm_PH → /us/virtual-assistant-agency · job-seeker risk medium
496-715-1855,Keyword,VC_US_S_CORE,Search,,,Daily,Maximize Clicks,Google Search,en,,Presence,,,VA_Agency_Firm_PH,,,virtual assistant outsourcing agency,Exact,Paused,,,https://www.virtualcoworker.app/us/virtual-assistant-agency,,,,,,,,,,,,,,,,,,,,,,,,,,,,,Employer Exact · job-seeker risk · Paused · do not enable until George Posts in Editor · live Final URL on virtualcoworker.app · no Brand · no generic virtual assistants head-term group · VA_Agency_Firm_PH → /us/virtual-assistant-agency · job-seeker risk medium
496-715-1855,Keyword,VC_US_S_CORE,Search,,,Daily,Maximize Clicks,Google Search,en,,Presence,,,VA_Agency_Firm_PH,,,virtual assistant staffing company,Exact,Paused,,,https://www.virtualcoworker.app/us/virtual-assistant-agency,,,,,,,,,,,,,,,,,,,,,,,,,,,,,Employer Exact · job-seeker risk · Paused · do not enable until George Posts in Editor · live Final URL on virtualcoworker.app · no Brand · no generic virtual assistants head-term group · VA_Agency_Firm_PH → /us/virtual-assistant-agency · job-seeker risk medium
496-715-1855,Keyword,VC_US_S_CORE,Search,,,Daily,Maximize Clicks,Google Search,en,,Presence,,,VA_Agency_Firm_PH,,,best virtual assistant agency,Exact,Paused,,,https://www.virtualcoworker.app/us/virtual-assistant-agency,,,,,,,,,,,,,,,,,,,,,,,,,,,,,Employer Exact · job-seeker risk · Paused · do not enable until George Posts in Editor · live Final URL on virtualcoworker.app · no Brand · no generic virtual assistants head-term group · VA_Agency_Firm_PH → /us/virtual-assistant-agency · job-seeker risk medium
496-715-1855,Keyword,VC_US_S_CORE,Search,,,Daily,Maximize Clicks,Google Search,en,,Presence,,,VA_Agency_Firm_PH,,,virtual assistant agency philippines,Exact,Paused,,,https://www.virtualcoworker.app/us/virtual-assistant-agency,,,,,,,,,,,,,,,,,,,,,,,,,,,,,Employer Exact · job-seeker risk · Paused · do not enable until George Posts in Editor · live Final URL on virtualcoworker.app · no Brand · no generic virtual assistants head-term group · VA_Agency_Firm_PH → /us/virtual-assistant-agency · job-seeker risk medium
496-715-1855,Keyword,VC_US_S_CORE,Search,,,Daily,Maximize Clicks,Google Search,en,,Presence,,,VA_Agency_Firm_PH,,,offshore virtual assistant agency,Exact,Paused,,,https://www.virtualcoworker.app/us/virtual-assistant-agency,,,,,,,,,,,,,,,,,,,,,,,,,,,,,Employer Exact · job-seeker risk · Paused · do not enable until George Posts in Editor · live Final URL on virtualcoworker.app · no Brand · no generic virtual assistants head-term group · VA_Agency_Firm_PH → /us/virtual-assistant-agency · job-seeker risk medium
496-715-1855,Keyword,VC_US_S_CORE,Search,,,Daily,Maximize Clicks,Google Search,en,,Presence,,,VA_Agency_Firm_PH,,,remote virtual assistant agency,Exact,Paused,,,https://www.virtualcoworker.app/us/virtual-assistant-agency,,,,,,,,,,,,,,,,,,,,,,,,,,,,,Employer Exact · job-seeker risk · Paused · do not enable until George Posts in Editor · live Final URL on virtualcoworker.app · no Brand · no generic virtual assistants head-term group · VA_Agency_Firm_PH → /us/virtual-assistant-agency · job-seeker risk medium
496-715-1855,Keyword,VC_US_S_CORE,Search,,,Daily,Maximize Clicks,Google Search,en,,Presence,,,VA_Agency_Firm_PH,,,hire virtual assistant agency,Exact,Paused,,,https://www.virtualcoworker.app/us/virtual-assistant-agency,,,,,,,,,,,,,,,,,,,,,,,,,,,,,Employer Exact · job-seeker risk · Paused · do not enable until George Posts in Editor · live Final URL on virtualcoworker.app · no Brand · no generic virtual assistants head-term group · VA_Agency_Firm_PH → /us/virtual-assistant-agency · job-seeker risk medium
496-715-1855,Keyword,VC_US_S_CORE,Search,,,Daily,Maximize Clicks,Google Search,en,,Presence,,,Staffing_Agency_PH,,,remote staffing agency,Exact,Paused,,,https://www.virtualcoworker.app/us/staffing,,,,,,,,,,,,,,,,,,,,,,,,,,,,,Employer Exact · job-seeker risk · Paused · do not enable until George Posts in Editor · live Final URL on virtualcoworker.app · no Brand · no generic virtual assistants head-term group · Staffing_Agency_PH → /us/staffing · job-seeker risk medium
496-715-1855,Keyword,VC_US_S_CORE,Search,,,Daily,Maximize Clicks,Google Search,en,,Presence,,,Staffing_Agency_PH,,,remote staffing agencies,Exact,Paused,,,https://www.virtualcoworker.app/us/staffing,,,,,,,,,,,,,,,,,,,,,,,,,,,,,Employer Exact · job-seeker risk · Paused · do not enable until George Posts in Editor · live Final URL on virtualcoworker.app · no Brand · no generic virtual assistants head-term group · Staffing_Agency_PH → /us/staffing · job-seeker risk medium
496-715-1855,Keyword,VC_US_S_CORE,Search,,,Daily,Maximize Clicks,Google Search,en,,Presence,,,Staffing_Agency_PH,,,virtual staffing agency,Exact,Paused,,,https://www.virtualcoworker.app/us/staffing,,,,,,,,,,,,,,,,,,,,,,,,,,,,,Employer Exact · job-seeker risk · Paused · do not enable until George Posts in Editor · live Final URL on virtualcoworker.app · no Brand · no generic virtual assistants head-term group · Staffing_Agency_PH → /us/staffing · job-seeker risk medium
496-715-1855,Keyword,VC_US_S_CORE,Search,,,Daily,Maximize Clicks,Google Search,en,,Presence,,,Staffing_Agency_PH,,,virtual assistant staffing agency,Exact,Paused,,,https://www.virtualcoworker.app/us/staffing,,,,,,,,,,,,,,,,,,,,,,,,,,,,,Employer Exact · job-seeker risk · Paused · do not enable until George Posts in Editor · live Final URL on virtualcoworker.app · no Brand · no generic virtual assistants head-term group · Staffing_Agency_PH → /us/staffing · job-seeker risk medium
496-715-1855,Keyword,VC_US_S_CORE,Search,,,Daily,Maximize Clicks,Google Search,en,,Presence,,,Staffing_Agency_PH,,,offshore staffing agency,Exact,Paused,,,https://www.virtualcoworker.app/us/staffing,,,,,,,,,,,,,,,,,,,,,,,,,,,,,Employer Exact · job-seeker risk · Paused · do not enable until George Posts in Editor · live Final URL on virtualcoworker.app · no Brand · no generic virtual assistants head-term group · Staffing_Agency_PH → /us/staffing · job-seeker risk medium
496-715-1855,Keyword,VC_US_S_CORE,Search,,,Daily,Maximize Clicks,Google Search,en,,Presence,,,Staffing_Agency_PH,,,offshore staffing company,Exact,Paused,,,https://www.virtualcoworker.app/us/staffing,,,,,,,,,,,,,,,,,,,,,,,,,,,,,Employer Exact · job-seeker risk · Paused · do not enable until George Posts in Editor · live Final URL on virtualcoworker.app · no Brand · no generic virtual assistants head-term group · Staffing_Agency_PH → /us/staffing · job-seeker risk medium
496-715-1855,Keyword,VC_US_S_CORE,Search,,,Daily,Maximize Clicks,Google Search,en,,Presence,,,Staffing_Agency_PH,,,philippines staffing agency,Exact,Paused,,,https://www.virtualcoworker.app/us/staffing,,,,,,,,,,,,,,,,,,,,,,,,,,,,,Employer Exact · job-seeker risk · Paused · do not enable until George Posts in Editor · live Final URL on virtualcoworker.app · no Brand · no generic virtual assistants head-term group · Staffing_Agency_PH → /us/staffing · job-seeker risk medium
496-715-1855,Keyword,VC_US_S_CORE,Search,,,Daily,Maximize Clicks,Google Search,en,,Presence,,,Staffing_Agency_PH,,,philippines staffing company,Exact,Paused,,,https://www.virtualcoworker.app/us/staffing,,,,,,,,,,,,,,,,,,,,,,,,,,,,,Employer Exact · job-seeker risk · Paused · do not enable until George Posts in Editor · live Final URL on virtualcoworker.app · no Brand · no generic virtual assistants head-term group · Staffing_Agency_PH → /us/staffing · job-seeker risk medium
496-715-1855,Keyword,VC_US_S_CORE,Search,,,Daily,Maximize Clicks,Google Search,en,,Presence,,,Staffing_Agency_PH,,,staffing firm philippines,Exact,Paused,,,https://www.virtualcoworker.app/us/staffing,,,,,,,,,,,,,,,,,,,,,,,,,,,,,Employer Exact · job-seeker risk · Paused · do not enable until George Posts in Editor · live Final URL on virtualcoworker.app · no Brand · no generic virtual assistants head-term group · Staffing_Agency_PH → /us/staffing · job-seeker risk medium
496-715-1855,Keyword,VC_US_S_CORE,Search,,,Daily,Maximize Clicks,Google Search,en,,Presence,,,Staffing_Agency_PH,,,filipino staffing agency,Exact,Paused,,,https://www.virtualcoworker.app/us/staffing,,,,,,,,,,,,,,,,,,,,,,,,,,,,,Employer Exact · job-seeker risk · Paused · do not enable until George Posts in Editor · live Final URL on virtualcoworker.app · no Brand · no generic virtual assistants head-term group · Staffing_Agency_PH → /us/staffing · job-seeker risk medium
496-715-1855,Keyword,VC_US_S_CORE,Search,,,Daily,Maximize Clicks,Google Search,en,,Presence,,,Staffing_Agency_PH,,,philippines virtual staffing agency,Exact,Paused,,,https://www.virtualcoworker.app/us/staffing,,,,,,,,,,,,,,,,,,,,,,,,,,,,,Employer Exact · job-seeker risk · Paused · do not enable until George Posts in Editor · live Final URL on virtualcoworker.app · no Brand · no generic virtual assistants head-term group · Staffing_Agency_PH → /us/staffing · job-seeker risk medium
496-715-1855,Keyword,VC_US_S_CORE,Search,,,Daily,Maximize Clicks,Google Search,en,,Presence,,,Staffing_Agency_PH,,,philippines remote staffing agency,Exact,Paused,,,https://www.virtualcoworker.app/us/staffing,,,,,,,,,,,,,,,,,,,,,,,,,,,,,Employer Exact · job-seeker risk · Paused · do not enable until George Posts in Editor · live Final URL on virtualcoworker.app · no Brand · no generic virtual assistants head-term group · Staffing_Agency_PH → /us/staffing · job-seeker risk medium
496-715-1855,Keyword,VC_US_S_CORE,Search,,,Daily,Maximize Clicks,Google Search,en,,Presence,,,Staffing_Agency_PH,,,virtual staffing company,Exact,Paused,,,https://www.virtualcoworker.app/us/staffing,,,,,,,,,,,,,,,,,,,,,,,,,,,,,Employer Exact · job-seeker risk · Paused · do not enable until George Posts in Editor · live Final URL on virtualcoworker.app · no Brand · no generic virtual assistants head-term group · Staffing_Agency_PH → /us/staffing · job-seeker risk medium
496-715-1855,Keyword,VC_US_S_CORE,Search,,,Daily,Maximize Clicks,Google Search,en,,Presence,,,Staffing_Agency_PH,,,remote staffing company,Exact,Paused,,,https://www.virtualcoworker.app/us/staffing,,,,,,,,,,,,,,,,,,,,,,,,,,,,,Employer Exact · job-seeker risk · Paused · do not enable until George Posts in Editor · live Final URL on virtualcoworker.app · no Brand · no generic virtual assistants head-term group · Staffing_Agency_PH → /us/staffing · job-seeker risk medium
496-715-1855,Keyword,VC_US_S_CORE,Search,,,Daily,Maximize Clicks,Google Search,en,,Presence,,,Staffing_Agency_PH,,,offshore staffing firm,Exact,Paused,,,https://www.virtualcoworker.app/us/staffing,,,,,,,,,,,,,,,,,,,,,,,,,,,,,Employer Exact · job-seeker risk · Paused · do not enable until George Posts in Editor · live Final URL on virtualcoworker.app · no Brand · no generic virtual assistants head-term group · Staffing_Agency_PH → /us/staffing · job-seeker risk medium
496-715-1855,Keyword,VC_US_S_CORE,Search,,,Daily,Maximize Clicks,Google Search,en,,Presence,,,Staffing_Agency_PH,,,remote staffing partner,Exact,Paused,,,https://www.virtualcoworker.app/us/staffing,,,,,,,,,,,,,,,,,,,,,,,,,,,,,Employer Exact · job-seeker risk · Paused · do not enable until George Posts in Editor · live Final URL on virtualcoworker.app · no Brand · no generic virtual assistants head-term group · Staffing_Agency_PH → /us/staffing · job-seeker risk medium
496-715-1855,Keyword,VC_US_S_CORE,Search,,,Daily,Maximize Clicks,Google Search,en,,Presence,,,Staffing_Agency_PH,,,philippines remote staffing,Exact,Paused,,,https://www.virtualcoworker.app/us/staffing,,,,,,,,,,,,,,,,,,,,,,,,,,,,,Employer Exact · job-seeker risk · Paused · do not enable until George Posts in Editor · live Final URL on virtualcoworker.app · no Brand · no generic virtual assistants head-term group · Staffing_Agency_PH → /us/staffing · job-seeker risk medium
496-715-1855,Keyword,VC_US_S_CORE,Search,,,Daily,Maximize Clicks,Google Search,en,,Presence,,,Staffing_Agency_PH,,,filipino remote staffing agency,Exact,Paused,,,https://www.virtualcoworker.app/us/staffing,,,,,,,,,,,,,,,,,,,,,,,,,,,,,Employer Exact · job-seeker risk · Paused · do not enable until George Posts in Editor · live Final URL on virtualcoworker.app · no Brand · no generic virtual assistants head-term group · Staffing_Agency_PH → /us/staffing · job-seeker risk medium
496-715-1855,Keyword,VC_US_S_CORE,Search,,,Daily,Maximize Clicks,Google Search,en,,Presence,,,Staffing_Agency_PH,,,best remote staffing agencies,Exact,Paused,,,https://www.virtualcoworker.app/us/staffing,,,,,,,,,,,,,,,,,,,,,,,,,,,,,Employer Exact · job-seeker risk · Paused · do not enable until George Posts in Editor · live Final URL on virtualcoworker.app · no Brand · no generic virtual assistants head-term group · Staffing_Agency_PH → /us/staffing · job-seeker risk medium
496-715-1855,Keyword,VC_US_S_CORE,Search,,,Daily,Maximize Clicks,Google Search,en,,Presence,,,Staffing_Agency_PH,,,hire remote staffing agency,Exact,Paused,,,https://www.virtualcoworker.app/us/staffing,,,,,,,,,,,,,,,,,,,,,,,,,,,,,Employer Exact · job-seeker risk · Paused · do not enable until George Posts in Editor · live Final URL on virtualcoworker.app · no Brand · no generic virtual assistants head-term group · Staffing_Agency_PH → /us/staffing · job-seeker risk medium
496-715-1855,Keyword,VC_US_S_CORE,Search,,,Daily,Maximize Clicks,Google Search,en,,Presence,,,Agency_PH,,,philippines outsourcing agency,Exact,Paused,,,https://www.virtualcoworker.app/us/staffing,,,,,,,,,,,,,,,,,,,,,,,,,,,,,Employer Exact · job-seeker risk · Paused · do not enable until George Posts in Editor · live Final URL on virtualcoworker.app · no Brand · no generic virtual assistants head-term group · Agency_PH → /us/staffing · job-seeker risk medium
496-715-1855,Keyword,VC_US_S_CORE,Search,,,Daily,Maximize Clicks,Google Search,en,,Presence,,,Agency_PH,,,outsourcing agency philippines,Exact,Paused,,,https://www.virtualcoworker.app/us/staffing,,,,,,,,,,,,,,,,,,,,,,,,,,,,,Employer Exact · job-seeker risk · Paused · do not enable until George Posts in Editor · live Final URL on virtualcoworker.app · no Brand · no generic virtual assistants head-term group · Agency_PH → /us/staffing · job-seeker risk medium
496-715-1855,Keyword,VC_US_S_CORE,Search,,,Daily,Maximize Clicks,Google Search,en,,Presence,,,Agency_PH,,,outsourcing company philippines,Exact,Paused,,,https://www.virtualcoworker.app/us/staffing,,,,,,,,,,,,,,,,,,,,,,,,,,,,,Employer Exact · job-seeker risk · Paused · do not enable until George Posts in Editor · live Final URL on virtualcoworker.app · no Brand · no generic virtual assistants head-term group · Agency_PH → /us/staffing · job-seeker risk medium
496-715-1855,Keyword,VC_US_S_CORE,Search,,,Daily,Maximize Clicks,Google Search,en,,Presence,,,Agency_PH,,,filipino outsourcing agency,Exact,Paused,,,https://www.virtualcoworker.app/us/staffing,,,,,,,,,,,,,,,,,,,,,,,,,,,,,Employer Exact · job-seeker risk · Paused · do not enable until George Posts in Editor · live Final URL on virtualcoworker.app · no Brand · no generic virtual assistants head-term group · Agency_PH → /us/staffing · job-seeker risk medium
496-715-1855,Keyword,VC_US_S_CORE,Search,,,Daily,Maximize Clicks,Google Search,en,,Presence,,,Agency_PH,,,va outsourcing philippines,Exact,Paused,,,https://www.virtualcoworker.app/us/staffing,,,,,,,,,,,,,,,,,,,,,,,,,,,,,Employer Exact · job-seeker risk · Paused · do not enable until George Posts in Editor · live Final URL on virtualcoworker.app · no Brand · no generic virtual assistants head-term group · Agency_PH → /us/staffing · job-seeker risk medium
496-715-1855,Keyword,VC_US_S_CORE,Search,,,Daily,Maximize Clicks,Google Search,en,,Presence,,,Agency_PH,,,philippines va outsourcing,Exact,Paused,,,https://www.virtualcoworker.app/us/staffing,,,,,,,,,,,,,,,,,,,,,,,,,,,,,Employer Exact · job-seeker risk · Paused · do not enable until George Posts in Editor · live Final URL on virtualcoworker.app · no Brand · no generic virtual assistants head-term group · Agency_PH → /us/staffing · job-seeker risk medium
496-715-1855,Keyword,VC_US_S_CORE,Search,,,Daily,Maximize Clicks,Google Search,en,,Presence,,,Agency_PH,,,offshore va agency,Exact,Paused,,,https://www.virtualcoworker.app/us/staffing,,,,,,,,,,,,,,,,,,,,,,,,,,,,,Employer Exact · job-seeker risk · Paused · do not enable until George Posts in Editor · live Final URL on virtualcoworker.app · no Brand · no generic virtual assistants head-term group · Agency_PH → /us/staffing · job-seeker risk medium
496-715-1855,Keyword,VC_US_S_CORE,Search,,,Daily,Maximize Clicks,Google Search,en,,Presence,,,Agency_PH,,,philippines outsourcing company,Exact,Paused,,,https://www.virtualcoworker.app/us/staffing,,,,,,,,,,,,,,,,,,,,,,,,,,,,,Employer Exact · job-seeker risk · Paused · do not enable until George Posts in Editor · live Final URL on virtualcoworker.app · no Brand · no generic virtual assistants head-term group · Agency_PH → /us/staffing · job-seeker risk medium
496-715-1855,Keyword,VC_US_S_CORE,Search,,,Daily,Maximize Clicks,Google Search,en,,Presence,,,Agency_PH,,,bpo staffing philippines,Exact,Paused,,,https://www.virtualcoworker.app/us/staffing,,,,,,,,,,,,,,,,,,,,,,,,,,,,,Employer Exact · job-seeker risk · Paused · do not enable until George Posts in Editor · live Final URL on virtualcoworker.app · no Brand · no generic virtual assistants head-term group · Agency_PH → /us/staffing · job-seeker risk medium
496-715-1855,Keyword,VC_US_S_CORE,Search,,,Daily,Maximize Clicks,Google Search,en,,Presence,,,Agency_PH,,,outsourcing firm philippines,Exact,Paused,,,https://www.virtualcoworker.app/us/staffing,,,,,,,,,,,,,,,,,,,,,,,,,,,,,Employer Exact · job-seeker risk · Paused · do not enable until George Posts in Editor · live Final URL on virtualcoworker.app · no Brand · no generic virtual assistants head-term group · Agency_PH → /us/staffing · job-seeker risk medium
496-715-1855,Keyword,VC_US_S_CORE,Search,,,Daily,Maximize Clicks,Google Search,en,,Presence,,,Hire_VA_PH,,,hire a virtual assistant,Exact,Paused,,,https://www.virtualcoworker.app/us,,,,,,,,,,,,,,,,,,,,,,,,,,,,,Employer Exact · job-seeker risk · Paused · do not enable until George Posts in Editor · live Final URL on virtualcoworker.app · no Brand · no generic virtual assistants head-term group · Hire_VA_PH → /us · job-seeker risk medium
496-715-1855,Keyword,VC_US_S_CORE,Search,,,Daily,Maximize Clicks,Google Search,en,,Presence,,,Hire_VA_PH,,,hire virtual assistant,Exact,Paused,,,https://www.virtualcoworker.app/us,,,,,,,,,,,,,,,,,,,,,,,,,,,,,Employer Exact · job-seeker risk · Paused · do not enable until George Posts in Editor · live Final URL on virtualcoworker.app · no Brand · no generic virtual assistants head-term group · Hire_VA_PH → /us · job-seeker risk medium
496-715-1855,Keyword,VC_US_S_CORE,Search,,,Daily,Maximize Clicks,Google Search,en,,Presence,,,Hire_VA_PH,,,hire a dedicated virtual assistant,Exact,Paused,,,https://www.virtualcoworker.app/us,,,,,,,,,,,,,,,,,,,,,,,,,,,,,Employer Exact · job-seeker risk · Paused · do not enable until George Posts in Editor · live Final URL on virtualcoworker.app · no Brand · no generic virtual assistants head-term group · Hire_VA_PH → /us · job-seeker risk medium
496-715-1855,Keyword,VC_US_S_CORE,Search,,,Daily,Maximize Clicks,Google Search,en,,Presence,,,Hire_VA_PH,,,dedicated virtual assistant,Exact,Paused,,,https://www.virtualcoworker.app/us,,,,,,,,,,,,,,,,,,,,,,,,,,,,,Employer Exact · job-seeker risk · Paused · do not enable until George Posts in Editor · live Final URL on virtualcoworker.app · no Brand · no generic virtual assistants head-term group · Hire_VA_PH → /us · job-seeker risk medium
496-715-1855,Keyword,VC_US_S_CORE,Search,,,Daily,Maximize Clicks,Google Search,en,,Presence,,,Hire_VA_PH,,,remote virtual assistant for business,Exact,Paused,,,https://www.virtualcoworker.app/us,,,,,,,,,,,,,,,,,,,,,,,,,,,,,Employer Exact · job-seeker risk · Paused · do not enable until George Posts in Editor · live Final URL on virtualcoworker.app · no Brand · no generic virtual assistants head-term group · Hire_VA_PH → /us · job-seeker risk medium
496-715-1855,Keyword,VC_US_S_CORE,Search,,,Daily,Maximize Clicks,Google Search,en,,Presence,,,Hire_VA_PH,,,hire remote virtual assistant,Exact,Paused,,,https://www.virtualcoworker.app/us,,,,,,,,,,,,,,,,,,,,,,,,,,,,,Employer Exact · job-seeker risk · Paused · do not enable until George Posts in Editor · live Final URL on virtualcoworker.app · no Brand · no generic virtual assistants head-term group · Hire_VA_PH → /us · job-seeker risk medium
496-715-1855,Keyword,VC_US_S_CORE,Search,,,Daily,Maximize Clicks,Google Search,en,,Presence,,,Hire_VA_PH,,,hire a remote virtual assistant,Exact,Paused,,,https://www.virtualcoworker.app/us,,,,,,,,,,,,,,,,,,,,,,,,,,,,,Employer Exact · job-seeker risk · Paused · do not enable until George Posts in Editor · live Final URL on virtualcoworker.app · no Brand · no generic virtual assistants head-term group · Hire_VA_PH → /us · job-seeker risk medium
496-715-1855,Keyword,VC_US_S_CORE,Search,,,Daily,Maximize Clicks,Google Search,en,,Presence,,,Hire_VA_PH,,,how to hire a virtual assistant,Exact,Paused,,,https://www.virtualcoworker.app/us,,,,,,,,,,,,,,,,,,,,,,,,,,,,,Employer Exact · job-seeker risk · Paused · do not enable until George Posts in Editor · live Final URL on virtualcoworker.app · no Brand · no generic virtual assistants head-term group · Hire_VA_PH → /us · job-seeker risk medium
496-715-1855,Keyword,VC_US_S_CORE,Search,,,Daily,Maximize Clicks,Google Search,en,,Presence,,,Hire_VA_PH,,,virtual assistant for hire,Exact,Paused,,,https://www.virtualcoworker.app/us,,,,,,,,,,,,,,,,,,,,,,,,,,,,,Employer Exact · job-seeker risk · Paused · do not enable until George Posts in Editor · live Final URL on virtualcoworker.app · no Brand · no generic virtual assistants head-term group · Hire_VA_PH → /us · job-seeker risk medium
496-715-1855,Keyword,VC_US_S_CORE,Search,,,Daily,Maximize Clicks,Google Search,en,,Presence,,,Hire_VA_PH,,,virtual assistants for hire,Exact,Paused,,,https://www.virtualcoworker.app/us,,,,,,,,,,,,,,,,,,,,,,,,,,,,,Employer Exact · job-seeker risk · Paused · do not enable until George Posts in Editor · live Final URL on virtualcoworker.app · no Brand · no generic virtual assistants head-term group · Hire_VA_PH → /us · job-seeker risk medium
496-715-1855,Keyword,VC_US_S_CORE,Search,,,Daily,Maximize Clicks,Google Search,en,,Presence,,,Hire_VA_PH,,,looking for a virtual assistant,Exact,Paused,,,https://www.virtualcoworker.app/us,,,,,,,,,,,,,,,,,,,,,,,,,,,,,Employer Exact · job-seeker risk · Paused · do not enable until George Posts in Editor · live Final URL on virtualcoworker.app · no Brand · no generic virtual assistants head-term group · Hire_VA_PH → /us · job-seeker risk medium
496-715-1855,Keyword,VC_US_S_CORE,Search,,,Daily,Maximize Clicks,Google Search,en,,Presence,,,Hire_VA_PH,,,hire offshore virtual assistant,Exact,Paused,,,https://www.virtualcoworker.app/us,,,,,,,,,,,,,,,,,,,,,,,,,,,,,Employer Exact · job-seeker risk · Paused · do not enable until George Posts in Editor · live Final URL on virtualcoworker.app · no Brand · no generic virtual assistants head-term group · Hire_VA_PH → /us · job-seeker risk medium
496-715-1855,Keyword,VC_US_S_CORE,Search,,,Daily,Maximize Clicks,Google Search,en,,Presence,,,Hire_VA_PH,,,hire overseas virtual assistant,Exact,Paused,,,https://www.virtualcoworker.app/us,,,,,,,,,,,,,,,,,,,,,,,,,,,,,Employer Exact · job-seeker risk · Paused · do not enable until George Posts in Editor · live Final URL on virtualcoworker.app · no Brand · no generic virtual assistants head-term group · Hire_VA_PH → /us · job-seeker risk medium
496-715-1855,Keyword,VC_US_S_CORE,Search,,,Daily,Maximize Clicks,Google Search,en,,Presence,,,Hire_VA_PH,,,full time virtual assistant,Exact,Paused,,,https://www.virtualcoworker.app/us,,,,,,,,,,,,,,,,,,,,,,,,,,,,,Employer Exact · job-seeker risk · Paused · do not enable until George Posts in Editor · live Final URL on virtualcoworker.app · no Brand · no generic virtual assistants head-term group · Hire_VA_PH → /us · job-seeker risk medium
496-715-1855,Keyword,VC_US_S_CORE,Search,,,Daily,Maximize Clicks,Google Search,en,,Presence,,,Hire_VA_PH,,,dedicated remote virtual assistant,Exact,Paused,,,https://www.virtualcoworker.app/us,,,,,,,,,,,,,,,,,,,,,,,,,,,,,Employer Exact · job-seeker risk · Paused · do not enable until George Posts in Editor · live Final URL on virtualcoworker.app · no Brand · no generic virtual assistants head-term group · Hire_VA_PH → /us · job-seeker risk medium
496-715-1855,Keyword,VC_US_S_CORE,Search,,,Daily,Maximize Clicks,Google Search,en,,Presence,,,Hire_VA_PH,,,hire a full time virtual assistant,Exact,Paused,,,https://www.virtualcoworker.app/us,,,,,,,,,,,,,,,,,,,,,,,,,,,,,Employer Exact · job-seeker risk · Paused · do not enable until George Posts in Editor · live Final URL on virtualcoworker.app · no Brand · no generic virtual assistants head-term group · Hire_VA_PH → /us · job-seeker risk medium
496-715-1855,Keyword,VC_US_S_CORE,Search,,,Daily,Maximize Clicks,Google Search,en,,Presence,,,Hire_VA_PH,,,business virtual assistant,Exact,Paused,,,https://www.virtualcoworker.app/us,,,,,,,,,,,,,,,,,,,,,,,,,,,,,Employer Exact · job-seeker risk · Paused · do not enable until George Posts in Editor · live Final URL on virtualcoworker.app · no Brand · no generic virtual assistants head-term group · Hire_VA_PH → /us · job-seeker risk medium
496-715-1855,Keyword,VC_US_S_CORE,Search,,,Daily,Maximize Clicks,Google Search,en,,Presence,,,Hire_VA_PH,,,virtual assistant for small business,Exact,Paused,,,https://www.virtualcoworker.app/us,,,,,,,,,,,,,,,,,,,,,,,,,,,,,Employer Exact · job-seeker risk · Paused · do not enable until George Posts in Editor · live Final URL on virtualcoworker.app · no Brand · no generic virtual assistants head-term group · Hire_VA_PH → /us · job-seeker risk medium
496-715-1855,Keyword,VC_US_S_CORE,Search,,,Daily,Maximize Clicks,Google Search,en,,Presence,,,Hire_VA_PH,,,hire virtual assistant for business,Exact,Paused,,,https://www.virtualcoworker.app/us,,,,,,,,,,,,,,,,,,,,,,,,,,,,,Employer Exact · job-seeker risk · Paused · do not enable until George Posts in Editor · live Final URL on virtualcoworker.app · no Brand · no generic virtual assistants head-term group · Hire_VA_PH → /us · job-seeker risk medium
496-715-1855,Keyword,VC_US_S_CORE,Search,,,Daily,Maximize Clicks,Google Search,en,,Presence,,,Hire_VA_PH,,,executive virtual assistant hire,Exact,Paused,,,https://www.virtualcoworker.app/us,,,,,,,,,,,,,,,,,,,,,,,,,,,,,Employer Exact · job-seeker risk · Paused · do not enable until George Posts in Editor · live Final URL on virtualcoworker.app · no Brand · no generic virtual assistants head-term group · Hire_VA_PH → /us · job-seeker risk medium
496-715-1855,Keyword,VC_US_S_ROLES,Search,,,Daily,Maximize Clicks,Google Search,en,,Presence,,,Bookkeeping_Hire_PH,,,bookkeeping virtual assistant,Exact,Paused,,,https://www.virtualcoworker.app/us/bookkeeping,,,,,,,,,,,,,,,,,,,,,,,,,,,,,Employer Exact · job-seeker risk · Paused · do not enable until George Posts in Editor · live Final URL on virtualcoworker.app · no Brand · no generic virtual assistants head-term group · Bookkeeping_Hire_PH → /us/bookkeeping · job-seeker risk low
496-715-1855,Keyword,VC_US_S_ROLES,Search,,,Daily,Maximize Clicks,Google Search,en,,Presence,,,Bookkeeping_Hire_PH,,,virtual assistant bookkeeping,Exact,Paused,,,https://www.virtualcoworker.app/us/bookkeeping,,,,,,,,,,,,,,,,,,,,,,,,,,,,,Employer Exact · job-seeker risk · Paused · do not enable until George Posts in Editor · live Final URL on virtualcoworker.app · no Brand · no generic virtual assistants head-term group · Bookkeeping_Hire_PH → /us/bookkeeping · job-seeker risk low
496-715-1855,Keyword,VC_US_S_ROLES,Search,,,Daily,Maximize Clicks,Google Search,en,,Presence,,,Bookkeeping_Hire_PH,,,virtual assistant bookkeeper,Exact,Paused,,,https://www.virtualcoworker.app/us/bookkeeping,,,,,,,,,,,,,,,,,,,,,,,,,,,,,Employer Exact · job-seeker risk · Paused · do not enable until George Posts in Editor · live Final URL on virtualcoworker.app · no Brand · no generic virtual assistants head-term group · Bookkeeping_Hire_PH → /us/bookkeeping · job-seeker risk low
496-715-1855,Keyword,VC_US_S_ROLES,Search,,,Daily,Maximize Clicks,Google Search,en,,Presence,,,Bookkeeping_Hire_PH,,,virtual bookkeeper,Exact,Paused,,,https://www.virtualcoworker.app/us/bookkeeping,,,,,,,,,,,,,,,,,,,,,,,,,,,,,Employer Exact · job-seeker risk · Paused · do not enable until George Posts in Editor · live Final URL on virtualcoworker.app · no Brand · no generic virtual assistants head-term group · Bookkeeping_Hire_PH → /us/bookkeeping · job-seeker risk low
496-715-1855,Keyword,VC_US_S_ROLES,Search,,,Daily,Maximize Clicks,Google Search,en,,Presence,,,Bookkeeping_Hire_PH,,,virtual bookkeeping,Exact,Paused,,,https://www.virtualcoworker.app/us/bookkeeping,,,,,,,,,,,,,,,,,,,,,,,,,,,,,Employer Exact · job-seeker risk · Paused · do not enable until George Posts in Editor · live Final URL on virtualcoworker.app · no Brand · no generic virtual assistants head-term group · Bookkeeping_Hire_PH → /us/bookkeeping · job-seeker risk low
496-715-1855,Keyword,VC_US_S_ROLES,Search,,,Daily,Maximize Clicks,Google Search,en,,Presence,,,Bookkeeping_Hire_PH,,,remote bookkeeper,Exact,Paused,,,https://www.virtualcoworker.app/us/bookkeeping,,,,,,,,,,,,,,,,,,,,,,,,,,,,,Employer Exact · job-seeker risk · Paused · do not enable until George Posts in Editor · live Final URL on virtualcoworker.app · no Brand · no generic virtual assistants head-term group · Bookkeeping_Hire_PH → /us/bookkeeping · job-seeker risk low
496-715-1855,Keyword,VC_US_S_ROLES,Search,,,Daily,Maximize Clicks,Google Search,en,,Presence,,,Bookkeeping_Hire_PH,,,philippines bookkeepers,Exact,Paused,,,https://www.virtualcoworker.app/us/bookkeeping,,,,,,,,,,,,,,,,,,,,,,,,,,,,,Employer Exact · job-seeker risk · Paused · do not enable until George Posts in Editor · live Final URL on virtualcoworker.app · no Brand · no generic virtual assistants head-term group · Bookkeeping_Hire_PH → /us/bookkeeping · job-seeker risk low
496-715-1855,Keyword,VC_US_S_ROLES,Search,,,Daily,Maximize Clicks,Google Search,en,,Presence,,,Bookkeeping_Hire_PH,,,bookkeeper philippines,Exact,Paused,,,https://www.virtualcoworker.app/us/bookkeeping,,,,,,,,,,,,,,,,,,,,,,,,,,,,,Employer Exact · job-seeker risk · Paused · do not enable until George Posts in Editor · live Final URL on virtualcoworker.app · no Brand · no generic virtual assistants head-term group · Bookkeeping_Hire_PH → /us/bookkeeping · job-seeker risk low
496-715-1855,Keyword,VC_US_S_ROLES,Search,,,Daily,Maximize Clicks,Google Search,en,,Presence,,,Bookkeeping_Hire_PH,,,quickbooks virtual assistant,Exact,Paused,,,https://www.virtualcoworker.app/us/bookkeeping,,,,,,,,,,,,,,,,,,,,,,,,,,,,,Employer Exact · job-seeker risk · Paused · do not enable until George Posts in Editor · live Final URL on virtualcoworker.app · no Brand · no generic virtual assistants head-term group · Bookkeeping_Hire_PH → /us/bookkeeping · job-seeker risk low
496-715-1855,Keyword,VC_US_S_ROLES,Search,,,Daily,Maximize Clicks,Google Search,en,,Presence,,,Bookkeeping_Hire_PH,,,hire a virtual bookkeeper,Exact,Paused,,,https://www.virtualcoworker.app/us/bookkeeping,,,,,,,,,,,,,,,,,,,,,,,,,,,,,Employer Exact · job-seeker risk · Paused · do not enable until George Posts in Editor · live Final URL on virtualcoworker.app · no Brand · no generic virtual assistants head-term group · Bookkeeping_Hire_PH → /us/bookkeeping · job-seeker risk low
496-715-1855,Keyword,VC_US_S_ROLES,Search,,,Daily,Maximize Clicks,Google Search,en,,Presence,,,Bookkeeping_Hire_PH,,,hire virtual bookkeeper,Exact,Paused,,,https://www.virtualcoworker.app/us/bookkeeping,,,,,,,,,,,,,,,,,,,,,,,,,,,,,Employer Exact · job-seeker risk · Paused · do not enable until George Posts in Editor · live Final URL on virtualcoworker.app · no Brand · no generic virtual assistants head-term group · Bookkeeping_Hire_PH → /us/bookkeeping · job-seeker risk low
496-715-1855,Keyword,VC_US_S_ROLES,Search,,,Daily,Maximize Clicks,Google Search,en,,Presence,,,Bookkeeping_Hire_PH,,,philippines bookkeeper,Exact,Paused,,,https://www.virtualcoworker.app/us/bookkeeping,,,,,,,,,,,,,,,,,,,,,,,,,,,,,Employer Exact · job-seeker risk · Paused · do not enable until George Posts in Editor · live Final URL on virtualcoworker.app · no Brand · no generic virtual assistants head-term group · Bookkeeping_Hire_PH → /us/bookkeeping · job-seeker risk low
496-715-1855,Keyword,VC_US_S_ROLES,Search,,,Daily,Maximize Clicks,Google Search,en,,Presence,,,Bookkeeping_Hire_PH,,,filipino bookkeeper,Exact,Paused,,,https://www.virtualcoworker.app/us/bookkeeping,,,,,,,,,,,,,,,,,,,,,,,,,,,,,Employer Exact · job-seeker risk · Paused · do not enable until George Posts in Editor · live Final URL on virtualcoworker.app · no Brand · no generic virtual assistants head-term group · Bookkeeping_Hire_PH → /us/bookkeeping · job-seeker risk low
496-715-1855,Keyword,VC_US_S_ROLES,Search,,,Daily,Maximize Clicks,Google Search,en,,Presence,,,Bookkeeping_Hire_PH,,,remote bookkeeping virtual assistant,Exact,Paused,,,https://www.virtualcoworker.app/us/bookkeeping,,,,,,,,,,,,,,,,,,,,,,,,,,,,,Employer Exact · job-seeker risk · Paused · do not enable until George Posts in Editor · live Final URL on virtualcoworker.app · no Brand · no generic virtual assistants head-term group · Bookkeeping_Hire_PH → /us/bookkeeping · job-seeker risk low
496-715-1855,Keyword,VC_US_S_ROLES,Search,,,Daily,Maximize Clicks,Google Search,en,,Presence,,,Bookkeeping_Hire_PH,,,xero virtual assistant,Exact,Paused,,,https://www.virtualcoworker.app/us/bookkeeping,,,,,,,,,,,,,,,,,,,,,,,,,,,,,Employer Exact · job-seeker risk · Paused · do not enable until George Posts in Editor · live Final URL on virtualcoworker.app · no Brand · no generic virtual assistants head-term group · Bookkeeping_Hire_PH → /us/bookkeeping · job-seeker risk low
496-715-1855,Keyword,VC_US_S_ROLES,Search,,,Daily,Maximize Clicks,Google Search,en,,Presence,,,Bookkeeping_Hire_PH,,,virtual assistant for bookkeeping,Exact,Paused,,,https://www.virtualcoworker.app/us/bookkeeping,,,,,,,,,,,,,,,,,,,,,,,,,,,,,Employer Exact · job-seeker risk · Paused · do not enable until George Posts in Editor · live Final URL on virtualcoworker.app · no Brand · no generic virtual assistants head-term group · Bookkeeping_Hire_PH → /us/bookkeeping · job-seeker risk low
496-715-1855,Keyword,VC_US_S_ROLES,Search,,,Daily,Maximize Clicks,Google Search,en,,Presence,,,Bookkeeping_Hire_PH,,,hire bookkeeper philippines,Exact,Paused,,,https://www.virtualcoworker.app/us/bookkeeping,,,,,,,,,,,,,,,,,,,,,,,,,,,,,Employer Exact · job-seeker risk · Paused · do not enable until George Posts in Editor · live Final URL on virtualcoworker.app · no Brand · no generic virtual assistants head-term group · Bookkeeping_Hire_PH → /us/bookkeeping · job-seeker risk low
496-715-1855,Keyword,VC_US_S_ROLES,Search,,,Daily,Maximize Clicks,Google Search,en,,Presence,,,Bookkeeping_Hire_PH,,,online bookkeeper philippines,Exact,Paused,,,https://www.virtualcoworker.app/us/bookkeeping,,,,,,,,,,,,,,,,,,,,,,,,,,,,,Employer Exact · job-seeker risk · Paused · do not enable until George Posts in Editor · live Final URL on virtualcoworker.app · no Brand · no generic virtual assistants head-term group · Bookkeeping_Hire_PH → /us/bookkeeping · job-seeker risk low
496-715-1855,Keyword,VC_US_S_ROLES,Search,,,Daily,Maximize Clicks,Google Search,en,,Presence,,,Customer_Service_Hire_PH,,,virtual assistant customer service,Exact,Paused,,,https://www.virtualcoworker.app/us/customer-service,,,,,,,,,,,,,,,,,,,,,,,,,,,,,Employer Exact · job-seeker risk · Paused · do not enable until George Posts in Editor · live Final URL on virtualcoworker.app · no Brand · no generic virtual assistants head-term group · Customer_Service_Hire_PH → /us/customer-service · job-seeker risk medium
496-715-1855,Keyword,VC_US_S_ROLES,Search,,,Daily,Maximize Clicks,Google Search,en,,Presence,,,Customer_Service_Hire_PH,,,filipino customer service,Exact,Paused,,,https://www.virtualcoworker.app/us/customer-service,,,,,,,,,,,,,,,,,,,,,,,,,,,,,Employer Exact · job-seeker risk · Paused · do not enable until George Posts in Editor · live Final URL on virtualcoworker.app · no Brand · no generic virtual assistants head-term group · Customer_Service_Hire_PH → /us/customer-service · job-seeker risk medium
496-715-1855,Keyword,VC_US_S_ROLES,Search,,,Daily,Maximize Clicks,Google Search,en,,Presence,,,Customer_Service_Hire_PH,,,philippines customer service,Exact,Paused,,,https://www.virtualcoworker.app/us/customer-service,,,,,,,,,,,,,,,,,,,,,,,,,,,,,Employer Exact · job-seeker risk · Paused · do not enable until George Posts in Editor · live Final URL on virtualcoworker.app · no Brand · no generic virtual assistants head-term group · Customer_Service_Hire_PH → /us/customer-service · job-seeker risk medium
496-715-1855,Keyword,VC_US_S_ROLES,Search,,,Daily,Maximize Clicks,Google Search,en,,Presence,,,Customer_Service_Hire_PH,,,customer service philippines,Exact,Paused,,,https://www.virtualcoworker.app/us/customer-service,,,,,,,,,,,,,,,,,,,,,,,,,,,,,Employer Exact · job-seeker risk · Paused · do not enable until George Posts in Editor · live Final URL on virtualcoworker.app · no Brand · no generic virtual assistants head-term group · Customer_Service_Hire_PH → /us/customer-service · job-seeker risk medium
496-715-1855,Keyword,VC_US_S_ROLES,Search,,,Daily,Maximize Clicks,Google Search,en,,Presence,,,Customer_Service_Hire_PH,,,outsource customer service,Exact,Paused,,,https://www.virtualcoworker.app/us/customer-service,,,,,,,,,,,,,,,,,,,,,,,,,,,,,Employer Exact · job-seeker risk · Paused · do not enable until George Posts in Editor · live Final URL on virtualcoworker.app · no Brand · no generic virtual assistants head-term group · Customer_Service_Hire_PH → /us/customer-service · job-seeker risk medium
496-715-1855,Keyword,VC_US_S_ROLES,Search,,,Daily,Maximize Clicks,Google Search,en,,Presence,,,Customer_Service_Hire_PH,,,philippines customer service outsourcing,Exact,Paused,,,https://www.virtualcoworker.app/us/customer-service,,,,,,,,,,,,,,,,,,,,,,,,,,,,,Employer Exact · job-seeker risk · Paused · do not enable until George Posts in Editor · live Final URL on virtualcoworker.app · no Brand · no generic virtual assistants head-term group · Customer_Service_Hire_PH → /us/customer-service · job-seeker risk medium
496-715-1855,Keyword,VC_US_S_ROLES,Search,,,Daily,Maximize Clicks,Google Search,en,,Presence,,,Customer_Service_Hire_PH,,,customer support philippines,Exact,Paused,,,https://www.virtualcoworker.app/us/customer-service,,,,,,,,,,,,,,,,,,,,,,,,,,,,,Employer Exact · job-seeker risk · Paused · do not enable until George Posts in Editor · live Final URL on virtualcoworker.app · no Brand · no generic virtual assistants head-term group · Customer_Service_Hire_PH → /us/customer-service · job-seeker risk medium
496-715-1855,Keyword,VC_US_S_ROLES,Search,,,Daily,Maximize Clicks,Google Search,en,,Presence,,,Customer_Service_Hire_PH,,,virtual customer service,Exact,Paused,,,https://www.virtualcoworker.app/us/customer-service,,,,,,,,,,,,,,,,,,,,,,,,,,,,,Employer Exact · job-seeker risk · Paused · do not enable until George Posts in Editor · live Final URL on virtualcoworker.app · no Brand · no generic virtual assistants head-term group · Customer_Service_Hire_PH → /us/customer-service · job-seeker risk medium
496-715-1855,Keyword,VC_US_S_ROLES,Search,,,Daily,Maximize Clicks,Google Search,en,,Presence,,,Customer_Service_Hire_PH,,,hire customer service philippines,Exact,Paused,,,https://www.virtualcoworker.app/us/customer-service,,,,,,,,,,,,,,,,,,,,,,,,,,,,,Employer Exact · job-seeker risk · Paused · do not enable until George Posts in Editor · live Final URL on virtualcoworker.app · no Brand · no generic virtual assistants head-term group · Customer_Service_Hire_PH → /us/customer-service · job-seeker risk medium
496-715-1855,Keyword,VC_US_S_ROLES,Search,,,Daily,Maximize Clicks,Google Search,en,,Presence,,,Customer_Service_Hire_PH,,,filipino customer support,Exact,Paused,,,https://www.virtualcoworker.app/us/customer-service,,,,,,,,,,,,,,,,,,,,,,,,,,,,,Employer Exact · job-seeker risk · Paused · do not enable until George Posts in Editor · live Final URL on virtualcoworker.app · no Brand · no generic virtual assistants head-term group · Customer_Service_Hire_PH → /us/customer-service · job-seeker risk medium
496-715-1855,Keyword,VC_US_S_ROLES,Search,,,Daily,Maximize Clicks,Google Search,en,,Presence,,,Customer_Service_Hire_PH,,,remote customer service virtual assistant,Exact,Paused,,,https://www.virtualcoworker.app/us/customer-service,,,,,,,,,,,,,,,,,,,,,,,,,,,,,Employer Exact · job-seeker risk · Paused · do not enable until George Posts in Editor · live Final URL on virtualcoworker.app · no Brand · no generic virtual assistants head-term group · Customer_Service_Hire_PH → /us/customer-service · job-seeker risk medium
496-715-1855,Keyword,VC_US_S_ROLES,Search,,,Daily,Maximize Clicks,Google Search,en,,Presence,,,Customer_Service_Hire_PH,,,customer service virtual assistant,Exact,Paused,,,https://www.virtualcoworker.app/us/customer-service,,,,,,,,,,,,,,,,,,,,,,,,,,,,,Employer Exact · job-seeker risk · Paused · do not enable until George Posts in Editor · live Final URL on virtualcoworker.app · no Brand · no generic virtual assistants head-term group · Customer_Service_Hire_PH → /us/customer-service · job-seeker risk medium
496-715-1855,Keyword,VC_US_S_ROLES,Search,,,Daily,Maximize Clicks,Google Search,en,,Presence,,,Customer_Service_Hire_PH,,,philippines customer support,Exact,Paused,,,https://www.virtualcoworker.app/us/customer-service,,,,,,,,,,,,,,,,,,,,,,,,,,,,,Employer Exact · job-seeker risk · Paused · do not enable until George Posts in Editor · live Final URL on virtualcoworker.app · no Brand · no generic virtual assistants head-term group · Customer_Service_Hire_PH → /us/customer-service · job-seeker risk medium
496-715-1855,Keyword,VC_US_S_ROLES,Search,,,Daily,Maximize Clicks,Google Search,en,,Presence,,,Customer_Service_Hire_PH,,,hire filipino customer service,Exact,Paused,,,https://www.virtualcoworker.app/us/customer-service,,,,,,,,,,,,,,,,,,,,,,,,,,,,,Employer Exact · job-seeker risk · Paused · do not enable until George Posts in Editor · live Final URL on virtualcoworker.app · no Brand · no generic virtual assistants head-term group · Customer_Service_Hire_PH → /us/customer-service · job-seeker risk medium
496-715-1855,Keyword,VC_US_S_ROLES,Search,,,Daily,Maximize Clicks,Google Search,en,,Presence,,,Customer_Service_Hire_PH,,,virtual assistant for customer service,Exact,Paused,,,https://www.virtualcoworker.app/us/customer-service,,,,,,,,,,,,,,,,,,,,,,,,,,,,,Employer Exact · job-seeker risk · Paused · do not enable until George Posts in Editor · live Final URL on virtualcoworker.app · no Brand · no generic virtual assistants head-term group · Customer_Service_Hire_PH → /us/customer-service · job-seeker risk medium
496-715-1855,Keyword,VC_US_S_ROLES,Search,,,Daily,Maximize Clicks,Google Search,en,,Presence,,,Sales_Hire_PH,,,sales virtual assistant,Exact,Paused,,,https://www.virtualcoworker.app/us/sales,,,,,,,,,,,,,,,,,,,,,,,,,,,,,Employer Exact · job-seeker risk · Paused · do not enable until George Posts in Editor · live Final URL on virtualcoworker.app · no Brand · no generic virtual assistants head-term group · Sales_Hire_PH → /us/sales · job-seeker risk medium
496-715-1855,Keyword,VC_US_S_ROLES,Search,,,Daily,Maximize Clicks,Google Search,en,,Presence,,,Sales_Hire_PH,,,virtual sales assistant,Exact,Paused,,,https://www.virtualcoworker.app/us/sales,,,,,,,,,,,,,,,,,,,,,,,,,,,,,Employer Exact · job-seeker risk · Paused · do not enable until George Posts in Editor · live Final URL on virtualcoworker.app · no Brand · no generic virtual assistants head-term group · Sales_Hire_PH → /us/sales · job-seeker risk medium
496-715-1855,Keyword,VC_US_S_ROLES,Search,,,Daily,Maximize Clicks,Google Search,en,,Presence,,,Sales_Hire_PH,,,virtual assistant for lead generation,Exact,Paused,,,https://www.virtualcoworker.app/us/sales,,,,,,,,,,,,,,,,,,,,,,,,,,,,,Employer Exact · job-seeker risk · Paused · do not enable until George Posts in Editor · live Final URL on virtualcoworker.app · no Brand · no generic virtual assistants head-term group · Sales_Hire_PH → /us/sales · job-seeker risk medium
496-715-1855,Keyword,VC_US_S_ROLES,Search,,,Daily,Maximize Clicks,Google Search,en,,Presence,,,Sales_Hire_PH,,,virtual assistant sales,Exact,Paused,,,https://www.virtualcoworker.app/us/sales,,,,,,,,,,,,,,,,,,,,,,,,,,,,,Employer Exact · job-seeker risk · Paused · do not enable until George Posts in Editor · live Final URL on virtualcoworker.app · no Brand · no generic virtual assistants head-term group · Sales_Hire_PH → /us/sales · job-seeker risk medium
496-715-1855,Keyword,VC_US_S_ROLES,Search,,,Daily,Maximize Clicks,Google Search,en,,Presence,,,Sales_Hire_PH,,,sales support virtual assistant,Exact,Paused,,,https://www.virtualcoworker.app/us/sales,,,,,,,,,,,,,,,,,,,,,,,,,,,,,Employer Exact · job-seeker risk · Paused · do not enable until George Posts in Editor · live Final URL on virtualcoworker.app · no Brand · no generic virtual assistants head-term group · Sales_Hire_PH → /us/sales · job-seeker risk medium
496-715-1855,Keyword,VC_US_S_ROLES,Search,,,Daily,Maximize Clicks,Google Search,en,,Presence,,,Sales_Hire_PH,,,crm virtual assistant,Exact,Paused,,,https://www.virtualcoworker.app/us/sales,,,,,,,,,,,,,,,,,,,,,,,,,,,,,Employer Exact · job-seeker risk · Paused · do not enable until George Posts in Editor · live Final URL on virtualcoworker.app · no Brand · no generic virtual assistants head-term group · Sales_Hire_PH → /us/sales · job-seeker risk medium
496-715-1855,Keyword,VC_US_S_ROLES,Search,,,Daily,Maximize Clicks,Google Search,en,,Presence,,,Sales_Hire_PH,,,hire sales virtual assistant,Exact,Paused,,,https://www.virtualcoworker.app/us/sales,,,,,,,,,,,,,,,,,,,,,,,,,,,,,Employer Exact · job-seeker risk · Paused · do not enable until George Posts in Editor · live Final URL on virtualcoworker.app · no Brand · no generic virtual assistants head-term group · Sales_Hire_PH → /us/sales · job-seeker risk medium
496-715-1855,Keyword,VC_US_S_ROLES,Search,,,Daily,Maximize Clicks,Google Search,en,,Presence,,,Sales_Hire_PH,,,filipino sales virtual assistant,Exact,Paused,,,https://www.virtualcoworker.app/us/sales,,,,,,,,,,,,,,,,,,,,,,,,,,,,,Employer Exact · job-seeker risk · Paused · do not enable until George Posts in Editor · live Final URL on virtualcoworker.app · no Brand · no generic virtual assistants head-term group · Sales_Hire_PH → /us/sales · job-seeker risk medium
496-715-1855,Keyword,VC_US_S_ROLES,Search,,,Daily,Maximize Clicks,Google Search,en,,Presence,,,Sales_Hire_PH,,,sales admin virtual assistant,Exact,Paused,,,https://www.virtualcoworker.app/us/sales,,,,,,,,,,,,,,,,,,,,,,,,,,,,,Employer Exact · job-seeker risk · Paused · do not enable until George Posts in Editor · live Final URL on virtualcoworker.app · no Brand · no generic virtual assistants head-term group · Sales_Hire_PH → /us/sales · job-seeker risk medium
496-715-1855,Keyword,VC_US_S_ROLES,Search,,,Daily,Maximize Clicks,Google Search,en,,Presence,,,Sales_Hire_PH,,,lead follow up virtual assistant,Exact,Paused,,,https://www.virtualcoworker.app/us/sales,,,,,,,,,,,,,,,,,,,,,,,,,,,,,Employer Exact · job-seeker risk · Paused · do not enable until George Posts in Editor · live Final URL on virtualcoworker.app · no Brand · no generic virtual assistants head-term group · Sales_Hire_PH → /us/sales · job-seeker risk medium
496-715-1855,Keyword,VC_US_S_ROLES,Search,,,Daily,Maximize Clicks,Google Search,en,,Presence,,,Administration_EA_PH,,,virtual administrative assistant,Exact,Paused,,,https://www.virtualcoworker.app/us/administrative-support,,,,,,,,,,,,,,,,,,,,,,,,,,,,,Employer Exact · job-seeker risk · Paused · do not enable until George Posts in Editor · live Final URL on virtualcoworker.app · no Brand · no generic virtual assistants head-term group · Administration_EA_PH → /us/administrative-support · job-seeker risk medium
496-715-1855,Keyword,VC_US_S_ROLES,Search,,,Daily,Maximize Clicks,Google Search,en,,Presence,,,Administration_EA_PH,,,remote executive assistant,Exact,Paused,,,https://www.virtualcoworker.app/us/administrative-support,,,,,,,,,,,,,,,,,,,,,,,,,,,,,Employer Exact · job-seeker risk · Paused · do not enable until George Posts in Editor · live Final URL on virtualcoworker.app · no Brand · no generic virtual assistants head-term group · Administration_EA_PH → /us/administrative-support · job-seeker risk medium
496-715-1855,Keyword,VC_US_S_ROLES,Search,,,Daily,Maximize Clicks,Google Search,en,,Presence,,,Administration_EA_PH,,,virtual executive assistant philippines,Exact,Paused,,,https://www.virtualcoworker.app/us/administrative-support,,,,,,,,,,,,,,,,,,,,,,,,,,,,,Employer Exact · job-seeker risk · Paused · do not enable until George Posts in Editor · live Final URL on virtualcoworker.app · no Brand · no generic virtual assistants head-term group · Administration_EA_PH → /us/administrative-support · job-seeker risk medium
496-715-1855,Keyword,VC_US_S_ROLES,Search,,,Daily,Maximize Clicks,Google Search,en,,Presence,,,Administration_EA_PH,,,executive assistant philippines,Exact,Paused,,,https://www.virtualcoworker.app/us/administrative-support,,,,,,,,,,,,,,,,,,,,,,,,,,,,,Employer Exact · job-seeker risk · Paused · do not enable until George Posts in Editor · live Final URL on virtualcoworker.app · no Brand · no generic virtual assistants head-term group · Administration_EA_PH → /us/administrative-support · job-seeker risk medium
496-715-1855,Keyword,VC_US_S_ROLES,Search,,,Daily,Maximize Clicks,Google Search,en,,Presence,,,Administration_EA_PH,,,personal assistant philippines,Exact,Paused,,,https://www.virtualcoworker.app/us/administrative-support,,,,,,,,,,,,,,,,,,,,,,,,,,,,,Employer Exact · job-seeker risk · Paused · do not enable until George Posts in Editor · live Final URL on virtualcoworker.app · no Brand · no generic virtual assistants head-term group · Administration_EA_PH → /us/administrative-support · job-seeker risk medium
496-715-1855,Keyword,VC_US_S_ROLES,Search,,,Daily,Maximize Clicks,Google Search,en,,Presence,,,Administration_EA_PH,,,virtual executive assistant,Exact,Paused,,,https://www.virtualcoworker.app/us/administrative-support,,,,,,,,,,,,,,,,,,,,,,,,,,,,,Employer Exact · job-seeker risk · Paused · do not enable until George Posts in Editor · live Final URL on virtualcoworker.app · no Brand · no generic virtual assistants head-term group · Administration_EA_PH → /us/administrative-support · job-seeker risk medium
496-715-1855,Keyword,VC_US_S_ROLES,Search,,,Daily,Maximize Clicks,Google Search,en,,Presence,,,Administration_EA_PH,,,hire virtual administrative assistant,Exact,Paused,,,https://www.virtualcoworker.app/us/administrative-support,,,,,,,,,,,,,,,,,,,,,,,,,,,,,Employer Exact · job-seeker risk · Paused · do not enable until George Posts in Editor · live Final URL on virtualcoworker.app · no Brand · no generic virtual assistants head-term group · Administration_EA_PH → /us/administrative-support · job-seeker risk medium
496-715-1855,Keyword,VC_US_S_ROLES,Search,,,Daily,Maximize Clicks,Google Search,en,,Presence,,,Administration_EA_PH,,,filipino executive assistant,Exact,Paused,,,https://www.virtualcoworker.app/us/administrative-support,,,,,,,,,,,,,,,,,,,,,,,,,,,,,Employer Exact · job-seeker risk · Paused · do not enable until George Posts in Editor · live Final URL on virtualcoworker.app · no Brand · no generic virtual assistants head-term group · Administration_EA_PH → /us/administrative-support · job-seeker risk medium
496-715-1855,Keyword,VC_US_S_ROLES,Search,,,Daily,Maximize Clicks,Google Search,en,,Presence,,,Administration_EA_PH,,,administrative virtual assistant,Exact,Paused,,,https://www.virtualcoworker.app/us/administrative-support,,,,,,,,,,,,,,,,,,,,,,,,,,,,,Employer Exact · job-seeker risk · Paused · do not enable until George Posts in Editor · live Final URL on virtualcoworker.app · no Brand · no generic virtual assistants head-term group · Administration_EA_PH → /us/administrative-support · job-seeker risk medium
496-715-1855,Keyword,VC_US_S_ROLES,Search,,,Daily,Maximize Clicks,Google Search,en,,Presence,,,Administration_EA_PH,,,virtual assistant admin,Exact,Paused,,,https://www.virtualcoworker.app/us/administrative-support,,,,,,,,,,,,,,,,,,,,,,,,,,,,,Employer Exact · job-seeker risk · Paused · do not enable until George Posts in Editor · live Final URL on virtualcoworker.app · no Brand · no generic virtual assistants head-term group · Administration_EA_PH → /us/administrative-support · job-seeker risk medium
496-715-1855,Keyword,VC_US_S_ROLES,Search,,,Daily,Maximize Clicks,Google Search,en,,Presence,,,Administration_EA_PH,,,hire executive assistant philippines,Exact,Paused,,,https://www.virtualcoworker.app/us/administrative-support,,,,,,,,,,,,,,,,,,,,,,,,,,,,,Employer Exact · job-seeker risk · Paused · do not enable until George Posts in Editor · live Final URL on virtualcoworker.app · no Brand · no generic virtual assistants head-term group · Administration_EA_PH → /us/administrative-support · job-seeker risk medium
496-715-1855,Keyword,VC_US_S_ROLES,Search,,,Daily,Maximize Clicks,Google Search,en,,Presence,,,Administration_EA_PH,,,remote virtual executive assistant,Exact,Paused,,,https://www.virtualcoworker.app/us/administrative-support,,,,,,,,,,,,,,,,,,,,,,,,,,,,,Employer Exact · job-seeker risk · Paused · do not enable until George Posts in Editor · live Final URL on virtualcoworker.app · no Brand · no generic virtual assistants head-term group · Administration_EA_PH → /us/administrative-support · job-seeker risk medium
496-715-1855,Keyword,VC_US_S_ROLES,Search,,,Daily,Maximize Clicks,Google Search,en,,Presence,,,Administration_EA_PH,,,philippines executive assistant,Exact,Paused,,,https://www.virtualcoworker.app/us/administrative-support,,,,,,,,,,,,,,,,,,,,,,,,,,,,,Employer Exact · job-seeker risk · Paused · do not enable until George Posts in Editor · live Final URL on virtualcoworker.app · no Brand · no generic virtual assistants head-term group · Administration_EA_PH → /us/administrative-support · job-seeker risk medium
496-715-1855,Keyword,VC_US_S_ROLES,Search,,,Daily,Maximize Clicks,Google Search,en,,Presence,,,Digital_Marketing_Hire_PH,,,digital marketing virtual assistant,Exact,Paused,,,https://www.virtualcoworker.app/us/digital-marketing,,,,,,,,,,,,,,,,,,,,,,,,,,,,,Employer Exact · job-seeker risk · Paused · do not enable until George Posts in Editor · live Final URL on virtualcoworker.app · no Brand · no generic virtual assistants head-term group · Digital_Marketing_Hire_PH → /us/digital-marketing · job-seeker risk low
496-715-1855,Keyword,VC_US_S_ROLES,Search,,,Daily,Maximize Clicks,Google Search,en,,Presence,,,Digital_Marketing_Hire_PH,,,marketing virtual assistant,Exact,Paused,,,https://www.virtualcoworker.app/us/digital-marketing,,,,,,,,,,,,,,,,,,,,,,,,,,,,,Employer Exact · job-seeker risk · Paused · do not enable until George Posts in Editor · live Final URL on virtualcoworker.app · no Brand · no generic virtual assistants head-term group · Digital_Marketing_Hire_PH → /us/digital-marketing · job-seeker risk low
496-715-1855,Keyword,VC_US_S_ROLES,Search,,,Daily,Maximize Clicks,Google Search,en,,Presence,,,Digital_Marketing_Hire_PH,,,remote marketing assistant,Exact,Paused,,,https://www.virtualcoworker.app/us/digital-marketing,,,,,,,,,,,,,,,,,,,,,,,,,,,,,Employer Exact · job-seeker risk · Paused · do not enable until George Posts in Editor · live Final URL on virtualcoworker.app · no Brand · no generic virtual assistants head-term group · Digital_Marketing_Hire_PH → /us/digital-marketing · job-seeker risk low
496-715-1855,Keyword,VC_US_S_ROLES,Search,,,Daily,Maximize Clicks,Google Search,en,,Presence,,,Digital_Marketing_Hire_PH,,,virtual marketing assistant,Exact,Paused,,,https://www.virtualcoworker.app/us/digital-marketing,,,,,,,,,,,,,,,,,,,,,,,,,,,,,Employer Exact · job-seeker risk · Paused · do not enable until George Posts in Editor · live Final URL on virtualcoworker.app · no Brand · no generic virtual assistants head-term group · Digital_Marketing_Hire_PH → /us/digital-marketing · job-seeker risk low
496-715-1855,Keyword,VC_US_S_ROLES,Search,,,Daily,Maximize Clicks,Google Search,en,,Presence,,,Digital_Marketing_Hire_PH,,,marketing virtual assistants,Exact,Paused,,,https://www.virtualcoworker.app/us/digital-marketing,,,,,,,,,,,,,,,,,,,,,,,,,,,,,Employer Exact · job-seeker risk · Paused · do not enable until George Posts in Editor · live Final URL on virtualcoworker.app · no Brand · no generic virtual assistants head-term group · Digital_Marketing_Hire_PH → /us/digital-marketing · job-seeker risk low
496-715-1855,Keyword,VC_US_S_ROLES,Search,,,Daily,Maximize Clicks,Google Search,en,,Presence,,,Digital_Marketing_Hire_PH,,,digital marketing assistant,Exact,Paused,,,https://www.virtualcoworker.app/us/digital-marketing,,,,,,,,,,,,,,,,,,,,,,,,,,,,,Employer Exact · job-seeker risk · Paused · do not enable until George Posts in Editor · live Final URL on virtualcoworker.app · no Brand · no generic virtual assistants head-term group · Digital_Marketing_Hire_PH → /us/digital-marketing · job-seeker risk low
496-715-1855,Keyword,VC_US_S_ROLES,Search,,,Daily,Maximize Clicks,Google Search,en,,Presence,,,Digital_Marketing_Hire_PH,,,hire digital marketing virtual assistant,Exact,Paused,,,https://www.virtualcoworker.app/us/digital-marketing,,,,,,,,,,,,,,,,,,,,,,,,,,,,,Employer Exact · job-seeker risk · Paused · do not enable until George Posts in Editor · live Final URL on virtualcoworker.app · no Brand · no generic virtual assistants head-term group · Digital_Marketing_Hire_PH → /us/digital-marketing · job-seeker risk low
496-715-1855,Keyword,VC_US_S_ROLES,Search,,,Daily,Maximize Clicks,Google Search,en,,Presence,,,Digital_Marketing_Hire_PH,,,filipino marketing virtual assistant,Exact,Paused,,,https://www.virtualcoworker.app/us/digital-marketing,,,,,,,,,,,,,,,,,,,,,,,,,,,,,Employer Exact · job-seeker risk · Paused · do not enable until George Posts in Editor · live Final URL on virtualcoworker.app · no Brand · no generic virtual assistants head-term group · Digital_Marketing_Hire_PH → /us/digital-marketing · job-seeker risk low
496-715-1855,Keyword,VC_US_S_ROLES,Search,,,Daily,Maximize Clicks,Google Search,en,,Presence,,,Digital_Marketing_Hire_PH,,,philippines digital marketing assistant,Exact,Paused,,,https://www.virtualcoworker.app/us/digital-marketing,,,,,,,,,,,,,,,,,,,,,,,,,,,,,Employer Exact · job-seeker risk · Paused · do not enable until George Posts in Editor · live Final URL on virtualcoworker.app · no Brand · no generic virtual assistants head-term group · Digital_Marketing_Hire_PH → /us/digital-marketing · job-seeker risk low
496-715-1855,Keyword,VC_US_S_ROLES,Search,,,Daily,Maximize Clicks,Google Search,en,,Presence,,,Digital_Marketing_Hire_PH,,,campaign virtual assistant,Exact,Paused,,,https://www.virtualcoworker.app/us/digital-marketing,,,,,,,,,,,,,,,,,,,,,,,,,,,,,Employer Exact · job-seeker risk · Paused · do not enable until George Posts in Editor · live Final URL on virtualcoworker.app · no Brand · no generic virtual assistants head-term group · Digital_Marketing_Hire_PH → /us/digital-marketing · job-seeker risk low
496-715-1855,Keyword,VC_US_S_ROLES,Search,,,Daily,Maximize Clicks,Google Search,en,,Presence,,,Digital_Marketing_Hire_PH,,,seo virtual assistant philippines,Exact,Paused,,,https://www.virtualcoworker.app/us/digital-marketing,,,,,,,,,,,,,,,,,,,,,,,,,,,,,Employer Exact · job-seeker risk · Paused · do not enable until George Posts in Editor · live Final URL on virtualcoworker.app · no Brand · no generic virtual assistants head-term group · Digital_Marketing_Hire_PH → /us/digital-marketing · job-seeker risk low
496-715-1855,Keyword,VC_US_S_ROLES,Search,,,Daily,Maximize Clicks,Google Search,en,,Presence,,,Digital_Marketing_Hire_PH,,,content marketing virtual assistant,Exact,Paused,,,https://www.virtualcoworker.app/us/digital-marketing,,,,,,,,,,,,,,,,,,,,,,,,,,,,,Employer Exact · job-seeker risk · Paused · do not enable until George Posts in Editor · live Final URL on virtualcoworker.app · no Brand · no generic virtual assistants head-term group · Digital_Marketing_Hire_PH → /us/digital-marketing · job-seeker risk low
496-715-1855,Ad group,VC_US_S_ROLES,Search,,,,,Google Search,en,,Presence,,,Real_Estate_Hire_PH,Paused,,,,,,,,,,,,,,,,,,,,,,,,,,,,,,,,,,,,NEW Paused AG · Exact only · Final URL https://www.virtualcoworker.app/us/real-estate · do not enable until George Posts · no Brand
496-715-1855,Keyword,VC_US_S_ROLES,Search,,,Daily,Maximize Clicks,Google Search,en,,Presence,,,Real_Estate_Hire_PH,,,real estate virtual assistant,Exact,Paused,,,https://www.virtualcoworker.app/us/real-estate,,,,,,,,,,,,,,,,,,,,,,,,,,,,,Employer Exact · job-seeker risk · Paused · do not enable until George Posts in Editor · live Final URL on virtualcoworker.app · no Brand · no generic virtual assistants head-term group · Real_Estate_Hire_PH → /us/real-estate · job-seeker risk low
496-715-1855,Keyword,VC_US_S_ROLES,Search,,,Daily,Maximize Clicks,Google Search,en,,Presence,,,Real_Estate_Hire_PH,,,real estate virtual assistants,Exact,Paused,,,https://www.virtualcoworker.app/us/real-estate,,,,,,,,,,,,,,,,,,,,,,,,,,,,,Employer Exact · job-seeker risk · Paused · do not enable until George Posts in Editor · live Final URL on virtualcoworker.app · no Brand · no generic virtual assistants head-term group · Real_Estate_Hire_PH → /us/real-estate · job-seeker risk low
496-715-1855,Keyword,VC_US_S_ROLES,Search,,,Daily,Maximize Clicks,Google Search,en,,Presence,,,Real_Estate_Hire_PH,,,hire real estate virtual assistant,Exact,Paused,,,https://www.virtualcoworker.app/us/real-estate,,,,,,,,,,,,,,,,,,,,,,,,,,,,,Employer Exact · job-seeker risk · Paused · do not enable until George Posts in Editor · live Final URL on virtualcoworker.app · no Brand · no generic virtual assistants head-term group · Real_Estate_Hire_PH → /us/real-estate · job-seeker risk low
496-715-1855,Keyword,VC_US_S_ROLES,Search,,,Daily,Maximize Clicks,Google Search,en,,Presence,,,Real_Estate_Hire_PH,,,real estate admin virtual assistant,Exact,Paused,,,https://www.virtualcoworker.app/us/real-estate,,,,,,,,,,,,,,,,,,,,,,,,,,,,,Employer Exact · job-seeker risk · Paused · do not enable until George Posts in Editor · live Final URL on virtualcoworker.app · no Brand · no generic virtual assistants head-term group · Real_Estate_Hire_PH → /us/real-estate · job-seeker risk low
496-715-1855,Keyword,VC_US_S_ROLES,Search,,,Daily,Maximize Clicks,Google Search,en,,Presence,,,Real_Estate_Hire_PH,,,real estate administrative assistant,Exact,Paused,,,https://www.virtualcoworker.app/us/real-estate,,,,,,,,,,,,,,,,,,,,,,,,,,,,,Employer Exact · job-seeker risk · Paused · do not enable until George Posts in Editor · live Final URL on virtualcoworker.app · no Brand · no generic virtual assistants head-term group · Real_Estate_Hire_PH → /us/real-estate · job-seeker risk low
496-715-1855,Keyword,VC_US_S_ROLES,Search,,,Daily,Maximize Clicks,Google Search,en,,Presence,,,Real_Estate_Hire_PH,,,transaction coordinator virtual assistant,Exact,Paused,,,https://www.virtualcoworker.app/us/real-estate,,,,,,,,,,,,,,,,,,,,,,,,,,,,,Employer Exact · job-seeker risk · Paused · do not enable until George Posts in Editor · live Final URL on virtualcoworker.app · no Brand · no generic virtual assistants head-term group · Real_Estate_Hire_PH → /us/real-estate · job-seeker risk low
496-715-1855,Keyword,VC_US_S_ROLES,Search,,,Daily,Maximize Clicks,Google Search,en,,Presence,,,Real_Estate_Hire_PH,,,real estate transaction coordinator virtual assistant,Exact,Paused,,,https://www.virtualcoworker.app/us/real-estate,,,,,,,,,,,,,,,,,,,,,,,,,,,,,Employer Exact · job-seeker risk · Paused · do not enable until George Posts in Editor · live Final URL on virtualcoworker.app · no Brand · no generic virtual assistants head-term group · Real_Estate_Hire_PH → /us/real-estate · job-seeker risk low
496-715-1855,Keyword,VC_US_S_ROLES,Search,,,Daily,Maximize Clicks,Google Search,en,,Presence,,,Real_Estate_Hire_PH,,,property management virtual assistant,Exact,Paused,,,https://www.virtualcoworker.app/us/real-estate,,,,,,,,,,,,,,,,,,,,,,,,,,,,,Employer Exact · job-seeker risk · Paused · do not enable until George Posts in Editor · live Final URL on virtualcoworker.app · no Brand · no generic virtual assistants head-term group · Real_Estate_Hire_PH → /us/real-estate · job-seeker risk low
496-715-1855,Keyword,VC_US_S_ROLES,Search,,,Daily,Maximize Clicks,Google Search,en,,Presence,,,Real_Estate_Hire_PH,,,listing virtual assistant,Exact,Paused,,,https://www.virtualcoworker.app/us/real-estate,,,,,,,,,,,,,,,,,,,,,,,,,,,,,Employer Exact · job-seeker risk · Paused · do not enable until George Posts in Editor · live Final URL on virtualcoworker.app · no Brand · no generic virtual assistants head-term group · Real_Estate_Hire_PH → /us/real-estate · job-seeker risk low
496-715-1855,Keyword,VC_US_S_ROLES,Search,,,Daily,Maximize Clicks,Google Search,en,,Presence,,,Real_Estate_Hire_PH,,,real estate crm virtual assistant,Exact,Paused,,,https://www.virtualcoworker.app/us/real-estate,,,,,,,,,,,,,,,,,,,,,,,,,,,,,Employer Exact · job-seeker risk · Paused · do not enable until George Posts in Editor · live Final URL on virtualcoworker.app · no Brand · no generic virtual assistants head-term group · Real_Estate_Hire_PH → /us/real-estate · job-seeker risk low
496-715-1855,Keyword,VC_US_S_ROLES,Search,,,Daily,Maximize Clicks,Google Search,en,,Presence,,,Real_Estate_Hire_PH,,,hire real estate va,Exact,Paused,,,https://www.virtualcoworker.app/us/real-estate,,,,,,,,,,,,,,,,,,,,,,,,,,,,,Employer Exact · job-seeker risk · Paused · do not enable until George Posts in Editor · live Final URL on virtualcoworker.app · no Brand · no generic virtual assistants head-term group · Real_Estate_Hire_PH → /us/real-estate · job-seeker risk low
496-715-1855,Keyword,VC_US_S_ROLES,Search,,,Daily,Maximize Clicks,Google Search,en,,Presence,,,Real_Estate_Hire_PH,,,filipino real estate virtual assistant,Exact,Paused,,,https://www.virtualcoworker.app/us/real-estate,,,,,,,,,,,,,,,,,,,,,,,,,,,,,Employer Exact · job-seeker risk · Paused · do not enable until George Posts in Editor · live Final URL on virtualcoworker.app · no Brand · no generic virtual assistants head-term group · Real_Estate_Hire_PH → /us/real-estate · job-seeker risk low
